Customer_ID,Tenure_Months,Monthly_Spend,Avg_Data_Usage_GB,Usage_Hours,Complaints_Last_6M,Payment_Delay_Days,Support_Calls,Contract_Type,Plan_Type,Auto_Pay,Discount_Received_%,Internet_Speed_Mbps,Region,Churn
1,52,958.66,14.6,101.1,1,5.8,3,2-Year,Standard,1,20,100,South,0
2,15,963.19,11.08,104.1,0,1.7,1,Monthly,Basic,1,0,200,West,0
3,61,1311.6,22.14,111.2,2,0.6,0,Annual,Standard,0,5,100,West,0
4,21,648.23,22.03,76.3,2,0.6,3,Annual,Basic,1,5,50,South,0
5,24,735.69,18.35,135.8,2,4.4,2,Annual,Standard,1,0,100,West,1
6,3,665.66,14.04,66.4,1,0.9,1,Monthly,Premium,0,20,200,West,0
7,22,482.56,15.01,87.9,2,4.4,1,Annual,Standard,1,0,50,South,0
8,53,1341.17,7.34,115.7,2,0.7,4,2-Year,Standard,0,0,25,West,0
9,2,589.62,21.68,84.7,2,1.2,1,Annual,Standard,1,0,25,North,0
10,30,695.92,21.47,123.3,0,1.9,2,Monthly,Basic,1,10,25,North,0
11,38,1228.94,7.13,141.3,1,8.6,2,Monthly,Basic,1,5,100,North,0
12,2,461.72,20.21,130.4,0,8.1,1,Monthly,Premium,1,10,25,West,0
13,64,1089.09,17.42,41.9,3,0.7,4,Monthly,Standard,1,0,25,North,0
14,60,546.74,8.87,103.8,0,1.3,1,Monthly,Basic,0,0,25,East,0
15,21,1211.67,7.76,130.9,0,0.5,0,2-Year,Basic,1,15,50,North,0
16,33,357.53,17.24,60.5,2,2.1,2,Annual,Standard,1,0,50,East,0
17,58,461.63,12.61,121.7,0,1.9,0,Annual,Standard,1,15,100,West,0
18,22,763.77,25.92,120.0,1,6.9,3,Annual,Premium,1,0,25,North,0
19,49,1142.96,20.72,63.6,1,8.0,0,Monthly,Basic,0,15,25,East,0
20,59,892.26,17.84,125.0,1,1.5,5,2-Year,Premium,1,0,50,West,0
21,42,816.07,18.14,108.2,0,2.0,3,Monthly,Standard,0,10,50,North,0
22,60,1236.51,22.99,119.5,1,6.8,1,Monthly,Standard,0,0,25,South,1
23,15,1438.81,20.08,71.0,0,4.9,2,Monthly,Standard,1,0,25,North,0
24,62,1068.06,18.0,104.5,0,0.0,2,2-Year,Basic,0,0,200,North,0
25,62,744.29,9.12,48.9,0,1.2,2,2-Year,Premium,0,0,100,North,0
26,47,795.46,33.37,31.7,2,1.6,1,Monthly,Basic,1,0,25,South,1
27,62,577.89,8.38,104.2,1,0.8,4,2-Year,Basic,0,5,25,East,0
28,51,925.2,13.12,133.0,3,0.7,1,Monthly,Premium,0,5,200,East,0
29,55,492.6,5.07,107.6,3,0.1,4,Monthly,Standard,0,10,100,South,0
30,64,1037.97,18.23,98.1,2,3.1,0,2-Year,Premium,0,10,50,North,0
31,3,1401.39,15.91,94.4,3,0.9,2,2-Year,Standard,1,10,100,North,0
32,51,1079.4,19.59,71.7,1,0.2,2,Annual,Basic,1,5,100,North,0
33,7,782.71,4.57,93.3,0,0.8,1,Annual,Premium,1,5,100,East,0
34,21,1031.73,21.68,112.7,1,4.9,4,2-Year,Basic,1,5,50,East,0
35,39,1305.13,10.16,86.9,1,5.7,2,Annual,Premium,0,15,50,South,0
36,18,1292.62,14.11,122.5,1,2.0,4,2-Year,Basic,0,0,25,West,0
37,4,649.06,20.59,105.9,1,1.6,2,Annual,Premium,0,0,200,South,0
38,60,1027.57,16.57,109.5,0,11.4,3,2-Year,Basic,1,10,100,East,0
39,14,860.47,16.99,126.7,0,0.7,3,2-Year,Standard,1,0,25,North,0
40,9,1101.65,19.8,84.2,0,0.7,1,Monthly,Premium,1,15,200,North,0
41,53,995.9,17.57,119.8,1,1.0,0,2-Year,Standard,0,15,200,North,0
42,2,307.57,12.95,88.4,1,0.6,1,Monthly,Standard,0,0,200,North,1
43,60,813.0,14.0,110.2,3,1.4,2,Monthly,Premium,1,0,200,West,0
44,71,949.64,16.27,80.6,0,7.3,2,Annual,Standard,0,5,200,South,0
45,44,541.41,9.63,72.7,1,2.9,4,Monthly,Premium,1,10,25,South,0
46,8,1045.26,20.98,102.8,0,1.6,1,Annual,Standard,1,0,100,East,0
47,47,519.0,16.73,43.4,0,8.2,3,2-Year,Basic,1,10,100,South,0
48,35,700.39,15.45,91.1,1,0.1,4,Monthly,Basic,1,5,25,West,0
49,36,1235.33,22.15,51.8,1,0.7,4,Monthly,Basic,1,0,25,West,0
50,50,679.06,14.28,123.4,1,2.5,1,2-Year,Basic,1,0,200,West,0
51,4,1043.49,13.91,131.5,0,2.9,2,Monthly,Standard,1,10,25,North,0
52,2,461.61,12.09,74.1,1,0.1,3,Monthly,Basic,0,0,200,East,0
53,6,1420.33,17.06,112.8,2,1.5,0,Monthly,Basic,1,15,25,West,0
54,54,823.86,16.85,127.0,1,3.1,1,Annual,Basic,1,5,25,South,0
55,4,923.83,11.0,127.1,1,3.6,2,Annual,Premium,0,5,50,South,1
56,54,944.76,13.93,106.4,1,3.0,3,2-Year,Standard,1,15,25,South,0
57,63,1051.89,11.04,122.0,4,1.2,2,Monthly,Basic,0,15,100,West,1
58,18,520.21,10.77,80.5,1,0.3,1,2-Year,Premium,1,0,50,West,1
59,44,898.67,4.62,102.5,0,1.7,1,Annual,Basic,1,0,25,South,0
60,34,735.31,13.61,86.0,0,0.4,0,Monthly,Premium,0,10,25,West,0
61,62,477.61,4.79,78.0,1,8.8,2,Annual,Standard,0,5,50,South,0
62,14,1146.78,12.22,101.1,1,1.9,2,Annual,Basic,1,0,25,North,0
63,48,811.96,11.32,110.4,1,1.1,1,Annual,Standard,1,20,100,West,0
64,15,960.63,21.31,134.9,1,4.4,2,Monthly,Standard,1,0,50,North,0
65,62,944.96,8.91,108.0,3,2.1,3,Monthly,Standard,0,0,25,North,0
66,40,816.29,10.43,119.3,1,1.1,2,Monthly,Premium,1,0,50,West,0
67,53,1393.76,12.71,119.6,1,5.0,2,Monthly,Basic,1,10,25,South,0
68,24,888.18,11.52,180.6,0,6.1,3,Annual,Basic,0,10,25,East,0
69,26,510.51,23.22,45.7,0,3.4,2,Monthly,Basic,0,0,25,North,0
70,60,799.9,8.17,79.4,3,0.1,2,Annual,Basic,0,0,200,West,0
71,41,1024.93,12.72,144.2,0,2.5,1,Monthly,Basic,0,0,200,North,0
72,29,1033.15,16.99,89.4,2,4.3,4,Monthly,Premium,1,10,100,South,0
73,15,628.05,20.29,126.6,1,0.4,5,Annual,Basic,0,0,50,West,0
74,45,1132.37,12.72,106.9,2,0.8,1,Monthly,Standard,1,20,25,East,0
75,65,459.28,3.49,163.2,1,6.4,1,2-Year,Standard,1,0,50,West,0
76,71,1186.03,14.1,66.6,0,0.1,4,Monthly,Premium,0,20,100,North,0
77,9,570.16,23.11,136.7,0,4.2,2,Monthly,Premium,1,0,200,West,1
78,1,843.44,16.69,152.5,5,1.9,4,2-Year,Standard,0,10,25,West,1
79,8,1166.14,16.42,69.6,1,1.8,3,Annual,Premium,1,0,25,North,0
80,63,929.9,8.62,123.5,1,0.0,2,Monthly,Standard,0,0,100,East,0
81,11,1104.17,8.01,71.0,0,5.1,2,Monthly,Premium,1,15,100,South,0
82,8,1054.67,15.11,100.9,2,1.3,0,Annual,Standard,1,15,100,West,0
83,35,1221.57,6.44,92.3,0,2.3,2,2-Year,Basic,1,5,100,East,0
84,35,1165.55,19.69,27.9,0,3.4,0,2-Year,Standard,1,10,200,South,0
85,33,786.56,9.92,112.7,0,3.6,4,Monthly,Standard,1,5,50,North,0
86,5,1058.24,14.85,104.3,0,9.4,3,2-Year,Basic,0,15,200,East,0
87,41,518.36,3.69,144.4,2,2.3,3,Monthly,Basic,1,0,200,East,0
88,28,885.52,12.64,118.3,1,1.5,0,Monthly,Standard,1,5,100,West,0
89,7,1104.62,7.88,168.7,0,9.2,4,2-Year,Premium,1,5,50,North,0
90,12,933.46,1.07,103.2,2,3.1,2,Monthly,Basic,0,0,25,West,0
91,34,1011.66,18.25,96.8,0,1.1,1,Monthly,Standard,0,15,50,North,0
92,33,846.68,24.85,94.5,2,0.4,1,Monthly,Standard,1,0,50,South,0
93,48,1182.27,21.78,86.8,0,5.5,3,Monthly,Premium,1,0,200,West,0
94,23,879.9,19.09,33.8,1,1.3,2,Annual,Premium,0,5,25,North,0
95,62,783.64,12.52,93.4,0,3.2,1,Annual,Standard,1,10,25,North,0
96,37,1121.63,19.84,38.0,1,1.9,2,Monthly,Standard,1,0,100,East,0
97,44,548.71,22.34,113.6,1,0.7,1,Annual,Basic,1,0,25,West,0
98,35,1025.26,15.82,62.8,0,2.8,2,2-Year,Standard,1,20,50,West,0
99,65,639.38,7.89,73.2,0,0.2,3,2-Year,Standard,0,0,50,South,0
100,47,1219.48,12.0,79.9,0,1.6,2,Monthly,Premium,0,10,100,North,0
101,3,834.74,25.22,93.9,1,2.4,1,2-Year,Standard,0,10,25,East,0
102,1,933.75,14.55,100.2,1,1.7,0,Annual,Basic,1,5,200,North,0
103,5,1003.14,1.0,132.5,1,4.1,0,Monthly,Standard,1,20,50,North,0
104,14,417.58,6.19,82.7,0,5.3,1,Monthly,Basic,0,10,200,North,1
105,27,737.35,12.45,114.4,1,4.4,2,Monthly,Basic,1,5,50,West,0
106,9,1160.89,21.21,181.9,3,0.1,2,Annual,Basic,1,5,25,North,0
107,15,1116.94,13.36,111.3,1,0.6,2,Monthly,Basic,0,10,25,South,0
108,42,970.76,21.33,94.6,0,2.3,1,Annual,Premium,0,5,25,East,0
109,51,562.63,11.84,76.6,1,8.2,1,Monthly,Basic,1,15,50,East,0
110,63,1046.38,3.21,94.2,1,5.4,2,2-Year,Basic,0,0,25,North,0
111,52,1078.35,12.05,73.4,2,5.5,0,Monthly,Premium,1,0,50,East,0
112,4,911.75,17.07,108.1,2,1.1,1,2-Year,Basic,1,0,50,North,0
113,23,1205.79,16.57,103.1,0,1.7,3,2-Year,Basic,1,0,25,West,0
114,15,729.14,7.47,35.1,1,1.9,0,Monthly,Basic,1,0,25,East,0
115,43,772.54,12.89,99.4,2,0.5,0,Monthly,Basic,1,15,100,West,0
116,29,300.0,31.11,132.3,2,0.1,1,Monthly,Basic,1,10,200,West,1
117,36,1129.96,7.6,88.0,1,8.8,1,2-Year,Basic,1,10,25,South,0
118,13,978.47,18.96,80.4,4,0.8,0,Annual,Standard,1,10,25,South,0
119,32,479.54,2.42,58.7,2,0.8,2,Monthly,Basic,0,15,200,East,1
120,71,460.35,20.18,44.3,4,0.3,2,Monthly,Basic,0,5,25,North,0
121,59,681.84,9.65,124.9,2,7.9,2,Monthly,Premium,1,15,200,North,0
122,28,1098.41,17.41,94.6,1,2.6,0,2-Year,Standard,1,0,25,North,0
123,66,824.91,7.25,123.2,2,3.3,3,Annual,Premium,0,20,200,North,0
124,42,698.8,16.75,145.9,1,7.3,0,2-Year,Standard,0,10,50,South,0
125,45,648.47,9.55,127.6,2,1.3,2,Monthly,Basic,1,0,200,North,0
126,62,637.27,10.71,83.7,0,2.9,3,Monthly,Standard,0,5,50,North,0
127,57,416.58,17.65,104.3,2,0.1,4,2-Year,Basic,1,5,100,West,0
128,6,598.15,12.42,81.6,3,0.6,2,Monthly,Basic,1,0,25,North,0
129,28,632.36,17.28,78.8,2,5.3,2,2-Year,Standard,1,5,25,North,0
130,28,1070.66,13.85,110.3,1,4.4,1,Monthly,Standard,0,0,100,South,0
131,44,858.57,15.4,75.0,1,1.3,4,Monthly,Standard,0,0,50,East,0
132,30,693.6,17.67,33.7,0,1.4,3,Annual,Premium,0,20,200,West,0
133,62,1477.43,12.9,73.4,0,2.3,3,2-Year,Basic,0,10,50,West,0
134,62,734.03,9.02,90.8,0,0.0,2,2-Year,Standard,1,15,200,East,0
135,1,1191.78,11.81,145.6,1,0.8,1,Monthly,Standard,1,10,50,West,0
136,27,1305.28,22.17,85.3,3,0.7,3,Monthly,Premium,0,0,200,North,1
137,62,507.51,15.7,115.4,3,0.9,1,Annual,Premium,0,5,200,North,0
138,3,918.49,9.93,95.0,2,4.9,0,Annual,Premium,0,10,50,East,0
139,70,770.62,17.41,136.8,1,1.0,3,Annual,Basic,1,20,200,South,0
140,27,750.27,17.81,134.7,1,0.6,2,Monthly,Standard,1,0,100,South,0
141,9,1038.84,18.12,135.3,1,2.1,3,2-Year,Basic,1,15,25,West,0
142,62,744.28,9.13,48.0,1,6.0,3,Annual,Basic,1,20,100,South,0
143,37,776.01,10.91,106.2,2,0.8,0,2-Year,Premium,1,10,25,South,0
144,51,857.97,10.94,122.8,1,0.2,3,Annual,Basic,1,20,100,South,0
145,44,806.65,12.84,111.4,2,1.3,2,Monthly,Premium,0,0,25,South,1
146,24,606.61,18.23,119.1,1,4.1,2,2-Year,Basic,1,20,25,South,0
147,59,1098.98,16.78,101.8,2,2.4,3,Annual,Premium,0,10,50,South,0
148,32,1162.13,17.25,77.7,0,5.1,1,2-Year,Basic,1,0,50,South,0
149,52,985.9,23.12,49.1,0,9.6,1,2-Year,Basic,0,20,200,West,0
150,62,805.86,19.13,80.6,0,4.7,2,Annual,Basic,1,5,200,North,0
151,58,723.7,14.15,180.3,1,2.8,1,Annual,Standard,0,5,50,South,0
152,52,724.09,7.9,85.4,2,2.0,0,Monthly,Basic,1,5,25,North,0
153,12,1489.34,10.71,41.2,4,0.1,2,Monthly,Standard,0,0,100,East,0
154,39,1134.46,13.43,122.0,0,12.5,4,Monthly,Basic,1,5,50,North,0
155,2,689.97,19.97,125.7,1,1.5,2,Monthly,Basic,1,15,50,East,1
156,3,941.17,14.84,138.6,1,0.5,0,Monthly,Basic,0,0,50,West,0
157,56,809.37,11.06,114.1,2,3.3,1,Monthly,Standard,1,0,50,North,0
158,59,1045.95,10.6,125.4,1,1.0,5,Monthly,Premium,1,0,50,East,0
159,2,1035.87,14.58,155.2,4,2.6,4,Monthly,Premium,0,5,100,North,1
160,2,1170.9,20.34,77.6,0,2.7,4,Monthly,Basic,1,10,50,West,1
161,54,687.36,24.55,71.7,2,1.8,4,Monthly,Standard,1,10,200,North,0
162,1,926.18,13.77,67.2,1,5.4,3,Annual,Standard,1,20,50,East,0
163,19,462.86,14.73,92.0,1,0.9,2,Annual,Basic,0,10,25,South,0
164,2,585.66,7.72,143.0,0,1.8,1,Monthly,Standard,1,0,200,South,0
165,53,1121.03,26.64,115.8,1,2.3,1,Annual,Standard,1,20,50,South,0
166,44,662.33,6.59,114.7,0,3.3,1,2-Year,Basic,1,10,25,West,0
167,32,689.77,22.03,45.4,1,4.6,0,Monthly,Basic,1,5,100,South,0
168,70,897.93,12.81,79.2,1,1.5,1,Annual,Basic,0,10,50,West,0
169,32,1073.69,11.4,44.9,1,3.1,4,2-Year,Standard,0,20,100,South,0
170,68,634.79,8.34,135.1,3,0.5,0,2-Year,Basic,1,10,50,West,1
171,55,300.0,29.46,147.6,1,8.1,1,Monthly,Basic,1,0,100,West,0
172,56,682.44,16.33,123.4,1,1.4,3,Annual,Basic,1,10,25,North,0
173,17,1201.41,15.13,70.4,1,3.9,1,Monthly,Basic,0,0,50,South,1
174,38,985.78,20.32,144.5,2,0.1,2,Annual,Basic,1,0,200,North,0
175,24,1230.97,11.1,92.4,0,0.7,1,2-Year,Premium,0,5,100,East,0
176,69,617.05,15.01,63.6,3,2.0,2,Annual,Basic,1,0,25,South,0
177,70,490.15,15.34,71.1,1,6.3,3,2-Year,Standard,1,0,25,South,0
178,11,1015.64,11.93,87.1,0,2.2,1,Monthly,Basic,1,0,50,South,0
179,16,960.01,22.2,101.5,0,8.0,5,2-Year,Standard,0,10,100,South,0
180,59,976.39,13.69,95.2,1,2.0,5,Annual,Standard,1,15,100,North,0
181,70,1133.25,5.68,57.6,0,2.0,1,Monthly,Basic,1,20,100,North,0
182,3,1005.42,13.19,136.4,2,0.4,0,Annual,Premium,1,0,50,West,0
183,20,1001.4,16.5,95.5,1,4.9,1,Monthly,Standard,0,5,100,North,0
184,59,1078.75,9.64,78.6,0,0.9,3,Monthly,Premium,1,20,50,West,0
185,36,1025.6,10.11,133.3,0,6.9,1,2-Year,Standard,0,0,25,East,0
186,19,1114.36,11.72,64.5,1,7.3,0,Monthly,Premium,1,10,50,North,1
187,67,1152.13,22.33,51.1,0,8.6,3,Annual,Standard,0,10,200,West,0
188,19,1282.92,12.08,138.2,2,2.2,2,Monthly,Premium,0,0,100,South,0
189,20,737.7,23.57,156.7,1,3.4,0,Monthly,Standard,0,15,50,East,0
190,71,1020.14,11.31,86.1,1,4.5,0,2-Year,Standard,0,15,100,West,0
191,52,807.42,16.95,98.6,1,0.4,1,Monthly,Standard,0,0,200,East,0
192,33,691.61,12.32,65.6,1,2.8,2,Annual,Premium,1,0,50,South,0
193,40,727.61,19.52,100.2,1,0.1,1,Annual,Premium,0,0,50,South,0
194,39,1023.74,8.29,85.7,5,2.1,0,Annual,Basic,1,0,200,West,1
195,1,1004.56,19.46,96.9,0,0.5,3,2-Year,Standard,0,5,200,West,0
196,11,1000.1,15.68,112.3,1,0.6,0,Annual,Basic,1,5,50,South,0
197,57,843.57,11.16,67.1,2,1.4,2,Monthly,Standard,1,0,50,West,0
198,50,900.85,14.0,89.1,1,1.7,1,2-Year,Basic,0,20,50,South,1
199,23,1104.44,24.2,45.9,0,2.9,1,Monthly,Basic,1,0,25,North,0
200,31,527.65,15.83,89.4,2,0.2,3,Annual,Premium,0,0,200,West,0
201,42,906.16,10.78,97.2,1,2.1,2,2-Year,Basic,1,0,50,East,0
202,7,922.49,7.77,106.9,1,0.6,3,Annual,Standard,1,5,200,South,0
203,16,1088.33,18.03,107.2,1,2.6,3,2-Year,Standard,0,5,25,North,0
204,60,562.44,16.18,127.1,0,3.0,5,Annual,Basic,0,0,50,West,0
205,2,1273.78,19.17,53.8,0,2.4,2,2-Year,Basic,0,0,25,South,0
206,1,953.41,6.23,55.4,2,4.0,0,2-Year,Standard,0,15,100,North,0
207,48,966.65,7.97,115.9,0,1.2,1,Monthly,Basic,1,20,50,West,0
208,12,799.66,21.88,38.8,3,4.3,1,Monthly,Premium,1,0,100,South,0
209,69,1034.51,16.99,105.5,2,1.7,2,Monthly,Premium,0,0,25,South,0
210,37,911.99,18.2,64.6,4,2.0,3,Annual,Basic,0,10,25,South,0
211,32,1202.25,9.22,147.2,1,3.1,4,Monthly,Basic,0,10,25,West,0
212,9,539.63,9.11,107.5,3,0.1,0,Monthly,Standard,0,0,25,North,0
213,19,943.89,20.95,93.4,0,3.2,1,Monthly,Standard,1,20,100,South,0
214,48,1002.13,21.23,136.8,2,2.9,2,2-Year,Basic,0,5,50,North,0
215,3,853.41,8.47,68.1,1,1.1,2,Annual,Basic,1,5,100,North,0
216,20,798.83,7.32,73.8,1,0.3,3,Monthly,Standard,0,10,50,East,0
217,24,809.26,14.35,62.2,0,0.3,1,Monthly,Premium,0,20,25,North,0
218,54,943.66,10.2,74.0,1,7.7,1,Monthly,Basic,1,10,25,North,0
219,33,447.51,10.08,101.8,0,3.5,2,Monthly,Standard,1,0,25,North,0
220,24,1141.25,7.49,114.8,0,0.4,0,Monthly,Premium,1,0,100,North,0
221,36,779.97,12.19,128.8,2,1.3,3,2-Year,Standard,1,5,100,North,0
222,38,931.95,8.07,45.3,0,2.7,3,2-Year,Standard,1,0,25,West,0
223,25,991.78,8.43,94.8,0,5.4,3,Monthly,Standard,0,10,25,East,0
224,18,768.55,16.79,66.8,3,0.1,3,Monthly,Premium,1,15,200,South,0
225,66,867.24,14.67,93.8,2,0.8,2,Monthly,Standard,1,10,100,East,0
226,54,391.19,17.91,170.0,1,6.6,5,Monthly,Premium,0,20,100,East,0
227,35,1083.03,5.11,108.8,4,0.0,3,Monthly,Standard,1,0,50,South,0
228,61,1170.02,15.06,127.0,1,0.7,1,Monthly,Standard,0,15,25,North,0
229,41,474.75,27.45,158.8,1,9.6,4,Monthly,Basic,0,10,200,South,0
230,33,798.38,12.77,133.8,2,2.9,2,Annual,Basic,1,0,100,North,0
231,68,592.53,19.95,86.6,2,0.9,2,Annual,Standard,1,10,50,South,0
232,33,855.56,19.9,61.7,1,0.2,0,Annual,Basic,1,0,100,West,0
233,14,1062.16,20.19,99.1,1,0.1,1,Monthly,Standard,0,10,100,East,0
234,21,1146.83,16.0,83.0,3,0.8,2,2-Year,Basic,1,5,25,North,0
235,48,1180.46,18.4,54.3,3,6.4,1,2-Year,Premium,1,0,50,East,0
236,20,1227.64,19.19,107.2,1,1.6,3,Monthly,Basic,0,10,25,North,0
237,8,844.4,18.81,108.0,1,3.8,5,Monthly,Premium,1,10,25,South,0
238,7,613.26,8.3,153.1,1,7.5,2,Annual,Standard,1,0,100,South,0
239,67,871.35,4.76,89.1,2,1.6,2,Monthly,Basic,1,0,25,South,0
240,17,1058.32,5.68,108.4,0,0.6,2,Monthly,Standard,0,5,100,West,0
241,33,593.19,13.38,80.0,0,2.2,1,Annual,Basic,0,5,200,South,0
242,48,1315.03,18.56,126.2,1,7.2,1,Annual,Basic,1,15,25,South,0
243,59,1124.47,8.37,96.3,1,4.9,3,Monthly,Basic,1,20,50,West,0
244,22,848.36,20.54,64.8,0,0.2,4,Annual,Basic,1,5,100,East,0
245,30,722.28,11.99,99.6,2,3.5,2,2-Year,Premium,0,10,100,East,1
246,38,732.72,12.04,111.7,2,2.5,4,Monthly,Basic,1,5,100,North,0
247,51,918.55,9.98,107.7,1,7.1,2,Annual,Standard,1,10,50,East,0
248,54,842.65,3.69,131.4,1,0.4,3,Monthly,Basic,0,0,50,North,0
249,8,1137.63,16.38,56.6,2,2.3,2,Monthly,Standard,1,0,50,North,1
250,27,814.26,25.28,74.7,2,6.3,3,Annual,Basic,1,10,200,East,1
251,27,1026.38,14.62,119.2,3,1.6,2,Monthly,Standard,0,0,50,East,0
252,21,892.77,3.9,78.2,3,2.0,3,Monthly,Standard,0,10,200,West,0
253,30,967.42,19.68,107.2,2,0.2,0,Monthly,Standard,1,15,25,North,0
254,28,842.49,5.25,27.4,0,1.0,2,Annual,Basic,1,0,200,East,0
255,64,1076.93,7.75,181.5,2,1.2,2,Annual,Standard,1,5,100,East,0
256,69,1080.64,13.57,91.9,1,8.7,3,Monthly,Basic,0,15,50,West,0
257,61,1014.98,15.74,135.8,1,1.0,2,Annual,Basic,0,10,100,East,0
258,48,1051.88,8.95,89.9,2,1.9,0,Monthly,Standard,1,0,25,South,0
259,19,663.91,13.34,112.4,2,3.3,1,Annual,Standard,1,0,25,South,0
260,4,980.81,19.29,144.8,2,0.5,4,Monthly,Standard,0,10,25,North,1
261,35,1212.3,20.11,135.0,0,2.0,2,Annual,Standard,1,5,25,West,0
262,64,1022.85,22.51,93.9,0,4.0,2,2-Year,Basic,0,0,50,East,0
263,49,642.32,26.46,95.9,0,6.0,1,2-Year,Basic,0,0,100,North,0
264,17,887.56,19.86,130.1,2,3.0,2,Monthly,Basic,0,15,100,East,0
265,44,993.74,13.7,170.0,0,3.3,1,2-Year,Standard,0,10,25,South,0
266,30,710.65,20.16,105.8,2,0.4,2,Monthly,Standard,1,20,200,East,0
267,46,560.43,17.8,158.7,2,8.7,1,2-Year,Basic,1,10,100,East,0
268,6,820.98,18.04,92.8,2,0.4,2,Monthly,Standard,1,20,200,East,0
269,37,714.79,16.06,128.6,1,4.5,1,Monthly,Standard,1,0,100,South,0
270,24,896.43,9.53,133.0,0,0.9,3,Monthly,Standard,1,10,25,South,0
271,46,502.15,8.83,87.7,1,8.1,1,Monthly,Standard,1,0,50,West,1
272,53,1041.18,14.42,77.6,0,3.8,2,Annual,Standard,1,10,100,South,0
273,60,741.35,15.89,134.4,0,4.2,1,2-Year,Standard,1,5,25,North,0
274,63,1148.94,10.92,84.1,0,0.7,0,Annual,Basic,1,0,25,East,0
275,32,830.78,17.54,73.2,1,1.8,1,Annual,Basic,1,15,25,South,0
276,33,893.65,27.48,79.5,1,2.9,2,Annual,Basic,0,15,25,North,1
277,67,856.74,4.53,83.9,1,4.4,0,Monthly,Standard,1,0,50,South,0
278,18,727.96,18.49,125.7,1,0.3,2,Monthly,Premium,1,10,50,East,0
279,25,1518.07,14.6,115.5,2,9.8,2,Monthly,Standard,1,0,25,North,0
280,54,776.03,17.7,121.5,1,6.6,0,Monthly,Basic,0,5,100,South,0
281,58,1155.88,12.42,112.6,3,0.9,1,Monthly,Standard,1,15,50,South,0
282,67,626.59,14.12,82.2,3,5.2,2,Monthly,Premium,1,0,25,North,0
283,46,993.03,15.78,120.9,1,2.2,0,Monthly,Premium,0,20,25,West,0
284,24,1019.72,13.19,135.5,1,1.9,4,Monthly,Standard,1,0,25,North,1
285,32,893.96,5.88,117.5,1,1.1,4,2-Year,Premium,0,10,50,North,0
286,47,757.25,13.6,113.5,0,2.6,1,Monthly,Basic,0,10,25,North,0
287,23,834.17,6.5,77.0,2,3.9,2,Annual,Basic,1,0,50,North,0
288,66,799.18,18.92,106.4,1,1.6,3,Annual,Basic,1,0,100,South,0
289,27,1500.51,3.81,75.4,0,3.0,4,Annual,Standard,1,15,50,North,1
290,2,894.35,21.17,99.3,1,3.6,3,Monthly,Basic,1,10,25,North,1
291,17,1031.22,17.58,50.8,0,3.7,1,Monthly,Standard,0,0,50,East,0
292,33,1345.41,17.6,51.0,1,0.2,3,Monthly,Standard,0,5,100,South,0
293,9,680.92,2.01,94.3,1,5.9,1,Monthly,Basic,0,0,200,East,0
294,43,909.42,13.03,83.5,2,1.8,1,Monthly,Premium,0,0,100,South,0
295,48,832.7,21.92,103.2,1,0.9,1,Annual,Basic,1,5,50,West,0
296,39,878.47,11.89,96.0,2,0.8,3,Annual,Basic,1,0,50,West,0
297,42,855.25,8.53,100.9,0,2.0,0,Annual,Standard,0,15,50,South,0
298,26,717.03,11.18,118.3,2,6.5,3,Monthly,Basic,0,10,200,West,0
299,50,948.85,14.59,86.1,0,1.4,0,Monthly,Standard,1,20,25,West,0
300,25,634.34,9.89,93.4,2,4.2,2,2-Year,Premium,0,10,200,South,0
301,24,1147.22,22.4,143.7,1,0.3,0,Monthly,Premium,1,20,100,North,0
302,13,1055.83,14.61,100.1,1,1.9,0,Annual,Premium,1,5,100,East,0
303,60,776.63,11.67,94.6,1,14.4,0,Annual,Basic,0,10,25,South,0
304,7,788.75,7.19,102.5,3,4.4,1,Monthly,Standard,0,20,100,South,0
305,57,968.88,17.91,95.2,0,0.7,1,Monthly,Basic,1,10,50,South,0
306,36,700.36,17.77,78.7,2,2.1,3,Monthly,Basic,0,0,25,East,0
307,45,1353.0,10.25,70.1,2,0.8,1,Monthly,Basic,0,10,25,South,0
308,20,989.48,1.58,77.1,1,1.6,0,Monthly,Basic,0,20,200,East,0
309,65,998.32,17.46,126.2,1,4.5,3,Monthly,Premium,1,10,50,East,0
310,8,1070.36,13.88,81.1,2,4.4,2,Monthly,Basic,1,5,50,West,0
311,16,755.13,17.02,95.4,2,0.8,1,Annual,Standard,0,10,25,North,0
312,14,1172.25,26.74,121.0,1,7.7,1,2-Year,Standard,1,20,100,West,1
313,15,928.63,14.84,91.6,0,2.7,3,Monthly,Standard,1,0,100,South,0
314,66,1137.54,11.92,119.0,1,1.4,3,2-Year,Premium,1,10,100,South,0
315,32,850.51,8.12,53.8,0,2.1,1,2-Year,Basic,0,0,50,East,0
316,63,1229.32,13.13,96.0,2,2.8,2,2-Year,Standard,1,10,50,West,0
317,51,1000.34,15.96,102.4,3,2.5,3,2-Year,Standard,1,10,50,East,0
318,25,1445.63,15.32,100.7,2,2.0,2,Monthly,Basic,0,0,25,West,0
319,58,807.62,25.34,50.4,1,2.1,1,Monthly,Standard,0,0,200,West,0
320,63,951.14,17.99,136.1,0,0.6,2,Annual,Premium,0,10,50,West,0
321,62,642.11,14.19,74.4,1,5.0,1,Annual,Basic,0,0,50,West,0
322,22,767.68,10.76,110.1,1,2.3,2,2-Year,Basic,0,0,50,West,0
323,58,1054.67,16.6,100.2,2,0.4,4,2-Year,Basic,1,15,100,North,0
324,58,1182.33,9.56,130.1,3,4.4,1,Annual,Standard,1,0,25,South,0
325,49,1641.25,16.08,165.6,1,8.1,0,Monthly,Standard,0,5,25,West,0
326,52,875.84,17.92,61.3,1,8.8,1,Monthly,Standard,1,20,100,West,0
327,42,666.7,13.7,80.5,1,1.4,4,Monthly,Standard,1,0,50,East,0
328,70,1088.33,11.22,105.7,0,0.4,2,Annual,Premium,1,0,100,South,0
329,15,618.04,1.89,66.8,1,2.2,0,Annual,Standard,1,10,25,South,0
330,54,1041.07,21.86,123.5,1,0.4,1,2-Year,Premium,0,10,100,South,0
331,60,774.44,17.42,125.3,1,8.2,0,Annual,Premium,1,20,25,West,0
332,8,952.9,17.57,116.8,2,0.6,3,2-Year,Standard,1,20,25,East,1
333,53,1172.76,5.63,107.1,1,0.9,1,Annual,Standard,1,10,200,South,0
334,60,872.32,23.28,141.1,1,1.6,2,2-Year,Premium,1,0,50,East,0
335,5,1133.22,12.21,65.3,2,1.4,2,Monthly,Premium,0,0,50,North,1
336,68,1118.29,13.27,102.0,0,4.7,3,2-Year,Basic,0,0,25,North,0
337,6,433.92,8.58,77.8,1,1.8,2,Annual,Basic,1,0,100,East,0
338,47,674.6,4.28,126.7,2,0.6,1,Monthly,Premium,1,10,50,West,0
339,55,509.55,21.94,45.0,1,0.9,4,Monthly,Basic,1,10,200,South,0
340,40,1400.43,22.72,99.2,2,2.1,2,2-Year,Premium,0,0,200,North,0
341,52,873.65,14.01,110.1,0,0.5,2,Monthly,Basic,1,15,100,North,0
342,16,1345.21,10.92,71.6,1,2.8,1,Monthly,Basic,1,0,50,East,0
343,13,491.76,12.74,81.2,0,2.5,4,Monthly,Basic,1,5,50,West,0
344,30,756.81,12.9,100.5,1,3.8,1,Annual,Basic,0,10,100,East,0
345,19,1100.12,7.8,128.7,1,8.3,3,2-Year,Basic,0,5,25,East,0
346,17,944.82,13.25,69.0,0,7.3,2,Monthly,Standard,1,5,50,East,0
347,63,1033.21,15.92,74.2,0,8.8,1,Monthly,Standard,1,0,25,East,0
348,19,586.55,21.11,133.8,0,0.8,1,2-Year,Premium,1,5,25,East,0
349,58,1244.2,15.09,91.8,1,0.4,0,Annual,Standard,1,10,25,West,0
350,55,1094.25,5.54,76.7,0,1.1,1,2-Year,Standard,1,20,50,East,0
351,62,1000.41,17.12,121.9,1,6.8,1,Monthly,Standard,0,5,100,West,0
352,23,728.6,13.46,85.4,3,10.7,1,Monthly,Standard,0,5,50,South,1
353,9,980.95,23.22,130.8,0,5.9,3,Monthly,Standard,0,10,50,South,0
354,12,827.13,23.58,80.1,1,0.3,2,Annual,Basic,0,20,25,South,0
355,1,487.38,23.79,95.2,3,8.8,3,Monthly,Basic,1,0,50,South,0
356,58,887.39,11.63,128.3,1,1.7,0,Monthly,Basic,1,5,25,North,0
357,1,860.82,26.94,93.2,1,0.0,1,Monthly,Basic,0,10,100,West,0
358,34,1165.6,17.11,122.7,1,1.8,1,Monthly,Standard,1,10,200,South,0
359,48,341.39,24.76,98.0,1,0.1,5,2-Year,Basic,1,0,25,North,0
360,1,958.8,11.98,159.5,2,2.4,5,Monthly,Premium,1,10,25,West,0
361,16,611.11,13.21,147.1,1,1.2,3,Annual,Premium,0,0,50,North,0
362,61,979.81,16.64,60.2,2,1.9,3,2-Year,Premium,1,5,200,North,0
363,64,993.57,15.91,115.7,1,2.8,2,Monthly,Premium,0,5,100,East,0
364,63,878.29,22.53,75.5,3,6.1,2,Annual,Basic,1,15,200,North,0
365,69,1101.82,13.61,105.7,2,3.3,2,2-Year,Standard,1,5,50,North,0
366,22,588.56,21.99,102.1,1,1.7,0,2-Year,Basic,0,0,200,West,0
367,67,1176.93,19.39,68.3,2,5.1,2,Monthly,Premium,1,0,25,North,0
368,26,722.98,13.72,131.8,2,7.1,1,Monthly,Premium,1,15,25,East,0
369,16,511.03,18.93,106.1,0,0.4,2,Monthly,Premium,1,0,200,South,0
370,51,831.9,12.16,91.5,1,2.3,2,Annual,Standard,1,5,200,South,0
371,57,376.21,29.1,86.9,0,1.0,4,Annual,Standard,0,0,25,West,0
372,29,963.54,1.0,104.2,1,0.1,4,Annual,Basic,0,10,25,West,0
373,69,835.19,19.04,112.2,0,3.3,2,Monthly,Basic,1,5,25,North,1
374,47,1208.42,4.41,96.3,1,6.0,2,Monthly,Standard,0,0,25,West,0
375,62,1062.23,13.65,20.0,3,0.5,4,Annual,Standard,1,0,25,North,0
376,69,552.0,14.49,100.5,3,5.0,2,Monthly,Premium,0,15,200,West,0
377,16,690.4,24.05,56.8,3,5.8,4,Annual,Basic,0,5,100,South,0
378,48,1030.17,10.85,93.7,1,7.4,0,Monthly,Premium,1,10,100,South,0
379,39,1111.77,22.85,57.9,0,0.9,0,Monthly,Standard,0,15,100,South,0
380,33,1205.63,7.93,57.5,1,7.0,2,Monthly,Premium,1,20,50,South,0
381,23,1203.63,23.08,137.1,1,1.2,2,Monthly,Premium,1,0,100,North,0
382,10,877.62,12.15,90.4,1,2.4,3,Monthly,Premium,1,20,50,North,0
383,69,990.66,15.44,88.1,2,0.2,3,Monthly,Basic,1,0,50,North,0
384,34,1224.68,12.98,114.5,0,0.1,4,Monthly,Premium,0,0,50,South,0
385,52,824.17,22.69,88.9,0,3.8,1,Monthly,Basic,1,15,50,East,0
386,10,994.93,21.53,163.1,2,1.8,2,Monthly,Basic,1,0,100,South,0
387,19,818.28,17.66,91.8,0,0.9,1,Annual,Standard,1,0,200,South,0
388,58,762.26,8.09,111.0,3,0.6,1,Monthly,Premium,1,0,50,East,0
389,1,912.1,10.71,129.1,0,3.3,5,Annual,Standard,1,10,100,East,0
390,69,728.11,8.83,148.1,0,0.0,1,Annual,Premium,1,5,25,West,0
391,4,867.27,1.51,77.7,0,4.9,3,Annual,Standard,1,10,100,South,0
392,16,641.26,22.57,87.5,0,0.2,1,2-Year,Basic,0,15,50,East,0
393,24,852.5,13.03,138.2,0,0.6,0,Monthly,Premium,0,10,25,West,0
394,2,1012.1,12.97,124.3,0,1.5,1,Annual,Basic,1,0,50,East,0
395,32,752.81,23.98,132.3,2,2.0,0,2-Year,Premium,0,20,100,East,0
396,24,902.32,12.14,58.9,2,1.3,1,2-Year,Basic,0,0,25,West,0
397,12,934.84,9.96,146.4,1,1.2,3,Monthly,Standard,0,0,200,South,0
398,50,1013.13,13.65,77.2,1,10.0,2,Monthly,Standard,1,0,25,West,0
399,35,866.61,8.2,105.8,1,3.1,1,Monthly,Basic,0,5,200,South,0
400,33,1171.47,17.07,95.6,0,0.1,3,Annual,Basic,1,0,100,East,0
401,33,374.77,12.76,73.6,1,1.7,3,Annual,Basic,0,0,50,West,1
402,61,1634.44,11.96,57.6,5,6.2,0,Monthly,Basic,1,0,50,North,0
403,51,682.22,11.44,47.7,3,1.1,2,Annual,Basic,1,0,100,East,0
404,43,1000.85,14.36,103.6,3,0.3,1,Annual,Standard,1,10,100,West,0
405,12,665.38,15.5,54.2,0,4.3,2,Monthly,Standard,0,15,100,East,0
406,67,1061.07,11.88,66.0,1,2.8,0,2-Year,Standard,1,10,50,West,0
407,65,969.14,12.85,93.5,2,2.5,3,Annual,Premium,1,0,50,South,0
408,33,737.32,14.51,20.8,1,0.2,2,Monthly,Standard,1,0,200,North,0
409,40,1168.27,13.91,123.4,2,0.5,4,Annual,Standard,1,20,25,East,0
410,43,859.01,15.19,27.7,1,2.9,1,Monthly,Standard,1,0,50,North,0
411,44,1036.8,10.94,97.7,2,0.7,4,Annual,Standard,1,15,25,South,0
412,29,670.71,21.03,100.5,1,2.1,1,2-Year,Standard,1,0,100,West,0
413,13,892.28,15.58,116.1,2,2.4,1,2-Year,Basic,1,20,100,North,0
414,12,1400.85,11.98,98.7,1,1.0,0,Monthly,Premium,1,0,25,West,0
415,46,1140.74,17.07,160.5,1,8.9,4,Monthly,Standard,1,5,25,South,0
416,2,976.91,14.55,106.5,3,5.5,4,Monthly,Basic,1,10,25,East,0
417,35,787.77,4.6,131.6,1,3.8,2,Annual,Standard,0,5,50,South,0
418,8,916.87,17.05,78.3,2,0.2,2,Monthly,Basic,1,0,50,North,0
419,26,949.39,8.88,103.6,3,0.3,2,Annual,Basic,1,5,200,North,0
420,34,1012.31,20.61,146.4,1,2.0,2,Monthly,Basic,1,10,50,North,0
421,7,630.83,13.55,92.9,0,0.5,4,Monthly,Standard,0,0,25,West,1
422,68,1067.1,19.68,105.8,3,11.5,0,Monthly,Standard,1,0,200,East,0
423,58,627.6,11.22,129.4,2,0.5,4,2-Year,Premium,1,5,50,North,0
424,29,1307.78,15.42,77.7,1,2.0,1,Annual,Basic,0,0,50,North,0
425,36,707.09,22.26,35.2,2,1.4,1,Monthly,Standard,1,10,25,North,0
426,21,974.16,13.39,107.7,0,3.1,2,Monthly,Standard,0,0,50,South,0
427,36,1151.29,11.46,129.7,0,0.4,3,Annual,Basic,1,5,200,North,0
428,10,836.9,18.93,59.5,0,1.7,2,Monthly,Standard,1,0,50,South,1
429,24,985.15,18.81,120.1,2,1.0,7,Annual,Basic,0,5,50,North,0
430,64,1258.8,11.71,120.3,0,6.6,5,2-Year,Basic,0,0,100,South,0
431,49,1041.1,3.09,31.8,2,0.1,2,Annual,Standard,1,0,200,West,0
432,36,988.89,11.34,71.9,1,7.4,3,Annual,Standard,0,0,25,West,0
433,24,478.8,19.06,88.1,0,5.4,2,Annual,Basic,1,20,50,South,0
434,23,666.57,10.35,94.6,0,1.1,2,2-Year,Basic,1,0,200,East,0
435,62,1161.73,14.93,77.7,2,4.7,2,2-Year,Basic,1,10,25,East,0
436,37,1042.49,11.06,76.1,2,0.1,2,Annual,Basic,0,0,100,South,0
437,12,1080.37,3.41,150.1,1,10.2,2,Monthly,Basic,1,0,100,West,1
438,55,1058.85,10.95,96.8,0,2.2,1,Monthly,Basic,1,5,100,South,0
439,13,1222.44,19.04,79.1,4,1.1,0,Monthly,Standard,0,5,50,East,1
440,23,834.65,1.0,98.8,0,1.4,5,Annual,Standard,0,20,50,South,0
441,30,930.12,16.51,116.1,2,0.2,5,Annual,Standard,0,20,100,West,0
442,17,642.83,7.88,101.5,3,13.6,1,Monthly,Standard,1,10,25,East,0
443,62,580.49,18.65,93.8,2,0.1,2,Monthly,Basic,0,10,50,East,0
444,13,489.06,19.29,80.5,1,3.2,0,Monthly,Basic,0,5,25,North,0
445,59,678.71,13.97,80.1,1,1.8,1,2-Year,Premium,1,0,25,North,0
446,19,1288.14,13.98,82.1,1,8.9,2,Annual,Basic,1,20,200,East,0
447,49,511.82,10.16,110.2,1,0.8,0,Annual,Basic,1,10,50,East,0
448,12,824.12,6.93,70.2,0,2.3,2,Monthly,Basic,1,5,200,South,0
449,61,576.71,25.19,111.8,2,2.0,4,Annual,Standard,0,0,25,West,0
450,19,749.76,9.81,142.4,0,3.6,3,Monthly,Standard,1,0,50,East,0
451,9,942.42,24.41,109.8,3,0.2,3,Annual,Premium,0,20,25,West,0
452,71,724.97,9.84,88.9,1,0.6,5,Monthly,Premium,1,0,100,East,0
453,28,1172.42,18.15,61.1,0,0.7,3,Monthly,Standard,1,5,100,West,0
454,52,1283.49,8.17,147.3,3,4.0,6,Monthly,Basic,0,0,25,North,0
455,16,337.73,18.14,64.9,1,0.6,1,Monthly,Basic,1,15,200,East,0
456,69,729.25,13.05,125.5,1,2.6,4,2-Year,Basic,1,0,25,South,0
457,12,914.79,13.12,119.2,0,0.7,0,Monthly,Basic,0,15,100,West,0
458,25,1181.53,18.66,92.9,1,5.9,2,Monthly,Basic,1,0,200,East,0
459,52,786.44,12.19,92.1,0,8.6,4,Annual,Basic,1,15,200,North,0
460,53,895.02,6.43,44.9,1,2.2,2,2-Year,Basic,1,10,200,North,0
461,23,610.81,19.57,109.9,1,1.3,3,Monthly,Basic,1,0,50,North,0
462,16,516.8,8.12,118.6,2,0.8,0,Annual,Premium,1,5,25,North,0
463,57,1261.35,18.1,67.3,3,0.2,0,2-Year,Standard,0,0,25,East,0
464,39,443.98,20.84,95.3,1,0.9,2,Monthly,Premium,0,0,50,South,0
465,53,1482.15,12.75,101.1,1,3.2,5,Monthly,Basic,1,15,100,West,0
466,42,1081.29,22.09,117.5,0,2.3,1,Monthly,Standard,0,5,25,South,0
467,58,1069.99,17.89,100.1,0,8.6,1,2-Year,Basic,1,0,100,West,0
468,39,1043.87,10.82,51.2,2,1.5,2,Monthly,Basic,0,0,50,South,0
469,14,836.83,23.41,84.1,0,3.6,2,Monthly,Basic,0,0,50,East,1
470,5,998.02,8.15,106.7,1,2.0,1,Annual,Premium,0,15,100,East,0
471,35,852.78,12.74,125.2,0,2.2,0,Annual,Premium,1,0,50,West,1
472,18,1038.27,13.76,81.5,0,0.9,3,Monthly,Basic,1,20,100,East,0
473,9,891.58,18.63,165.6,2,1.8,1,Annual,Basic,0,20,25,West,0
474,58,662.41,21.69,43.2,2,1.9,1,Monthly,Standard,1,0,100,South,0
475,17,682.36,21.32,83.1,2,3.7,1,Monthly,Basic,0,0,25,East,0
476,7,653.93,16.34,97.5,0,8.5,2,Annual,Basic,1,15,25,East,0
477,46,1142.73,13.32,94.0,2,1.2,2,2-Year,Basic,0,0,100,West,0
478,13,745.64,4.04,63.0,2,0.1,2,Monthly,Standard,1,0,200,West,1
479,40,421.97,7.12,113.4,5,2.1,0,2-Year,Basic,1,0,25,West,0
480,42,999.21,25.6,111.1,1,2.4,3,Annual,Basic,1,5,50,West,0
481,9,1278.63,3.98,101.4,2,0.6,4,Monthly,Basic,0,10,50,North,0
482,50,1093.27,10.29,110.0,1,4.3,1,Annual,Standard,1,0,25,West,1
483,27,749.17,21.87,87.3,1,12.6,5,Monthly,Premium,1,0,100,North,0
484,66,503.3,16.26,51.5,3,8.7,2,2-Year,Basic,1,20,100,South,0
485,5,866.43,20.57,78.5,2,0.7,1,2-Year,Premium,0,10,25,West,0
486,29,860.19,18.26,104.7,0,6.2,3,Monthly,Premium,0,5,50,North,0
487,37,657.7,23.82,104.9,0,3.7,2,Monthly,Premium,1,10,100,North,0
488,38,1037.76,16.77,101.2,3,1.8,1,Monthly,Standard,0,5,50,North,0
489,8,1361.66,18.98,116.5,1,2.3,2,Monthly,Standard,0,10,100,East,0
490,65,955.57,10.65,82.6,1,5.7,1,Monthly,Premium,0,0,25,North,0
491,17,940.12,18.52,100.8,0,2.0,4,Monthly,Basic,1,0,100,West,0
492,71,665.69,12.62,117.2,1,1.4,3,Annual,Standard,0,10,25,West,0
493,45,1249.35,12.28,97.5,1,2.0,3,Monthly,Premium,1,5,100,West,0
494,4,881.21,20.37,62.7,1,2.6,5,2-Year,Standard,1,20,50,North,0
495,36,755.26,20.41,71.2,0,0.6,1,2-Year,Premium,0,0,25,North,0
496,70,915.92,25.13,124.9,1,6.9,3,Monthly,Standard,1,20,100,East,0
497,31,1017.99,24.74,141.8,2,3.4,3,2-Year,Premium,0,20,25,South,0
498,19,934.8,20.5,135.3,0,3.0,5,Monthly,Standard,1,0,50,East,1
499,61,1201.54,4.68,107.0,3,0.3,2,Monthly,Standard,1,10,50,West,1
500,54,995.99,25.97,63.9,1,2.8,0,Annual,Standard,1,5,25,West,0
501,39,829.01,20.51,99.8,2,0.4,2,Monthly,Premium,0,20,200,West,0
502,19,1000.3,10.4,146.9,0,0.2,4,Annual,Premium,1,5,100,East,0
503,39,1024.91,19.37,118.6,0,2.2,1,2-Year,Premium,1,10,25,West,0
504,67,575.91,8.78,93.8,0,1.5,4,2-Year,Standard,1,5,100,West,0
505,45,1187.35,18.71,118.9,2,2.7,2,Annual,Basic,1,0,50,West,0
506,13,824.77,7.1,61.9,2,0.3,1,Annual,Basic,0,0,200,North,0
507,58,831.17,10.15,79.1,1,1.7,2,Monthly,Premium,1,5,50,South,0
508,20,1087.84,19.26,67.5,2,0.6,2,Monthly,Standard,0,10,50,North,1
509,61,1086.79,21.44,114.1,0,13.1,2,Annual,Basic,0,10,50,North,0
510,39,724.79,16.95,121.4,0,2.5,3,Monthly,Basic,1,10,50,South,0
511,1,1100.73,13.28,95.4,0,3.5,4,Monthly,Premium,1,0,50,South,0
512,3,759.89,2.31,73.8,2,1.2,2,Monthly,Premium,1,5,25,East,0
513,62,1354.89,13.75,99.4,2,0.3,0,Annual,Premium,0,0,100,South,0
514,63,692.95,18.2,85.4,1,11.2,2,Monthly,Standard,0,15,50,East,0
515,25,959.87,13.1,76.1,1,1.0,2,Annual,Basic,1,20,200,East,0
516,56,704.5,14.86,110.2,0,1.7,1,Monthly,Basic,1,5,25,North,0
517,33,1455.67,13.89,77.3,1,3.1,1,Monthly,Basic,0,0,100,West,0
518,38,590.54,13.07,53.0,3,0.1,1,Monthly,Premium,1,0,200,North,0
519,6,1031.09,15.46,59.7,3,5.0,1,Monthly,Basic,0,10,100,North,1
520,58,716.27,13.36,51.9,2,2.3,2,2-Year,Standard,1,10,200,South,0
521,44,811.47,23.66,107.4,0,1.0,1,Monthly,Standard,1,10,100,South,0
522,45,1013.38,1.76,104.5,0,0.2,2,Monthly,Standard,1,0,50,East,0
523,32,1206.15,11.72,103.0,0,0.5,4,Annual,Premium,0,10,100,East,0
524,45,1305.85,9.78,117.6,1,6.8,4,Monthly,Basic,1,10,25,East,0
525,61,515.76,16.31,135.8,0,3.5,2,Monthly,Standard,1,0,50,South,0
526,47,966.94,15.46,82.2,1,0.9,2,Monthly,Basic,1,5,25,East,0
527,21,1264.87,24.73,112.2,1,0.2,2,2-Year,Basic,1,0,100,East,0
528,36,478.67,26.71,52.6,3,3.5,0,Annual,Standard,0,5,50,South,0
529,19,978.6,10.36,141.4,1,2.5,1,Monthly,Basic,1,15,50,West,0
530,20,899.48,15.0,62.7,0,1.6,0,Monthly,Standard,0,5,25,North,0
531,57,1003.64,16.18,78.7,0,1.4,1,Monthly,Standard,1,15,200,South,0
532,18,706.92,10.21,82.1,1,0.7,1,Monthly,Basic,0,5,25,East,1
533,47,541.1,18.77,54.2,1,3.3,3,Annual,Basic,1,0,25,North,0
534,49,421.72,13.56,101.0,2,10.6,2,2-Year,Standard,0,5,25,South,0
535,14,1144.1,8.59,106.4,1,0.6,2,Monthly,Premium,0,5,200,North,0
536,15,1176.01,13.32,94.3,2,2.7,3,2-Year,Standard,0,0,200,North,0
537,31,975.67,9.01,53.8,0,1.7,1,Monthly,Standard,1,0,100,West,0
538,1,766.46,21.22,159.5,2,1.8,6,Monthly,Standard,1,5,200,East,0
539,54,494.24,26.41,116.5,0,0.9,2,Monthly,Standard,1,0,25,South,0
540,3,1040.84,16.47,179.0,2,5.2,4,Monthly,Basic,0,0,200,East,1
541,16,624.81,15.67,75.8,1,2.0,2,2-Year,Standard,1,5,25,West,0
542,57,722.18,15.91,128.7,1,2.4,0,Monthly,Standard,1,0,25,West,0
543,12,753.36,22.09,123.4,2,1.1,3,Monthly,Standard,0,20,25,South,0
544,16,850.62,21.96,91.3,3,0.6,1,2-Year,Standard,1,0,50,South,0
545,24,710.24,14.31,142.3,2,0.3,1,2-Year,Premium,1,10,100,West,0
546,28,908.36,16.52,87.8,0,3.8,2,Annual,Basic,0,5,50,South,0
547,8,744.55,18.92,89.2,1,0.7,1,2-Year,Premium,0,10,200,North,0
548,36,1075.34,8.17,20.0,2,3.5,3,Monthly,Standard,1,0,50,North,1
549,8,1157.77,22.28,112.3,2,1.5,2,2-Year,Standard,0,20,25,West,0
550,58,927.14,25.41,60.2,0,1.6,4,Annual,Basic,1,5,50,East,0
551,60,1015.66,21.99,83.5,1,1.9,0,2-Year,Basic,1,15,100,South,0
552,50,1429.46,7.53,69.2,1,1.4,2,Annual,Standard,1,0,100,South,0
553,28,606.85,3.18,89.0,1,0.3,2,Monthly,Standard,1,0,50,North,0
554,41,591.63,19.25,113.3,0,1.1,2,Annual,Basic,0,10,50,South,0
555,64,1073.75,10.44,100.3,2,3.3,3,Monthly,Standard,1,0,25,East,0
556,27,1386.64,16.72,121.3,1,3.3,3,Monthly,Basic,0,5,100,South,1
557,63,834.88,24.21,138.0,0,1.0,0,Monthly,Premium,1,0,200,South,0
558,17,1331.71,11.06,88.9,2,1.8,2,2-Year,Premium,1,10,25,North,0
559,33,924.11,12.73,85.6,1,0.6,2,Monthly,Basic,1,20,200,South,0
560,29,729.78,16.66,128.7,1,0.7,3,Annual,Premium,1,5,50,West,0
561,13,652.33,7.21,131.1,1,0.1,3,Monthly,Premium,1,15,25,West,0
562,46,1057.35,10.45,122.2,3,6.8,1,2-Year,Basic,0,5,200,East,0
563,35,671.26,15.15,71.4,1,0.7,1,Monthly,Standard,1,5,50,East,0
564,6,920.32,13.2,112.7,1,0.8,2,Annual,Standard,0,20,50,East,0
565,69,1295.87,18.65,103.3,2,1.0,1,2-Year,Standard,1,15,25,East,0
566,47,823.3,31.6,131.6,1,0.4,2,Monthly,Basic,0,10,25,North,0
567,25,1228.5,15.59,82.8,0,3.1,5,Monthly,Basic,1,0,100,South,0
568,66,596.36,9.95,50.0,0,0.2,4,Annual,Standard,0,5,100,North,0
569,10,766.52,23.51,120.7,1,0.4,3,2-Year,Basic,1,0,200,East,0
570,56,548.21,5.47,23.2,0,3.1,4,Annual,Premium,1,5,25,South,0
571,30,918.25,6.67,78.1,2,1.2,0,Monthly,Basic,1,5,25,West,0
572,5,1095.02,11.43,69.3,1,3.7,0,2-Year,Standard,0,15,25,North,0
573,33,918.8,13.3,69.1,2,2.4,0,Monthly,Premium,1,15,50,South,0
574,65,1206.76,11.29,77.5,0,0.9,1,Annual,Standard,0,5,200,West,0
575,18,712.71,14.81,136.5,2,3.2,2,2-Year,Standard,1,0,100,West,0
576,49,956.34,16.65,124.6,1,0.4,1,Monthly,Premium,0,15,50,East,0
577,11,768.13,21.41,92.4,1,2.3,1,Annual,Premium,1,0,200,West,0
578,26,990.42,15.55,134.0,3,1.7,0,Annual,Basic,0,10,100,West,0
579,63,1025.93,11.63,68.1,4,0.9,3,2-Year,Standard,1,0,25,East,0
580,59,1045.6,21.09,64.1,3,2.8,3,Monthly,Premium,1,0,100,South,0
581,27,632.35,10.09,125.9,2,6.2,2,Monthly,Basic,0,20,50,South,1
582,49,677.56,5.2,117.4,1,20.5,2,2-Year,Basic,1,0,25,East,0
583,33,723.93,22.24,86.2,0,2.8,1,Monthly,Basic,1,5,25,North,0
584,1,840.28,21.85,65.9,2,1.6,0,Monthly,Basic,0,0,50,East,1
585,21,921.8,10.25,143.8,0,0.8,1,2-Year,Standard,1,20,50,South,0
586,55,1077.02,12.61,48.4,1,0.9,0,Monthly,Standard,1,15,25,North,0
587,6,687.98,9.5,82.0,0,2.0,4,2-Year,Premium,0,0,25,East,0
588,69,499.75,16.96,106.9,0,1.4,2,Monthly,Standard,1,0,100,South,0
589,5,1438.94,25.39,154.1,3,7.4,1,Monthly,Basic,0,10,200,South,1
590,3,617.14,19.22,111.5,0,1.4,5,Annual,Basic,0,0,100,South,0
591,53,1109.08,21.21,114.4,1,1.4,1,Annual,Premium,1,10,25,West,0
592,23,907.82,19.92,82.9,1,1.5,2,Annual,Basic,1,0,25,West,0
593,53,962.83,15.0,117.1,2,5.4,3,Annual,Basic,1,0,25,North,0
594,37,899.61,21.5,103.2,1,3.2,1,2-Year,Premium,1,10,25,North,0
595,17,803.79,19.47,52.3,1,2.9,1,Monthly,Standard,1,0,50,North,0
596,1,1015.99,23.64,123.8,2,1.2,2,Monthly,Basic,1,15,100,West,0
597,51,790.35,12.24,129.1,2,5.1,1,Monthly,Premium,0,0,100,North,0
598,45,1191.58,4.57,124.1,1,0.1,1,Annual,Premium,1,0,100,South,0
599,4,1042.11,21.27,101.0,4,6.1,2,Monthly,Basic,1,20,25,South,1
600,62,1049.9,17.1,71.3,1,2.2,0,Monthly,Premium,0,5,50,North,0
601,65,773.22,13.22,30.7,1,1.5,3,Monthly,Basic,1,10,100,North,0
602,32,840.91,13.56,104.7,0,2.1,1,Monthly,Standard,0,0,50,West,0
603,34,603.02,30.33,132.5,3,3.3,1,Monthly,Premium,1,10,25,South,0
604,39,811.75,11.15,129.9,0,0.0,1,Annual,Premium,1,10,50,East,0
605,26,640.86,9.88,124.5,0,6.2,3,Monthly,Basic,1,0,25,East,0
606,34,1228.27,15.51,97.8,1,1.8,3,2-Year,Basic,0,15,25,West,0
607,54,912.63,22.08,132.6,1,1.3,1,Annual,Basic,1,10,100,West,0
608,3,942.62,28.67,127.7,1,0.4,2,Monthly,Standard,0,0,200,West,0
609,50,843.71,18.94,87.3,1,1.7,2,Annual,Basic,1,5,25,South,0
610,12,949.39,7.38,120.3,1,2.1,2,Monthly,Standard,1,5,25,North,0
611,65,1516.22,26.83,83.9,2,1.6,1,Annual,Basic,1,0,100,North,0
612,54,824.96,14.88,116.2,2,3.4,2,2-Year,Standard,1,5,25,West,0
613,5,737.4,9.97,61.0,1,1.6,2,Annual,Basic,1,0,50,South,0
614,57,1032.42,8.52,63.3,2,9.8,0,Annual,Premium,0,5,25,East,0
615,17,300.0,20.02,131.7,3,2.7,3,Monthly,Basic,0,10,25,West,1
616,47,915.99,16.43,128.1,2,4.9,1,Monthly,Basic,1,5,100,South,0
617,23,807.07,17.07,119.0,2,0.3,4,2-Year,Premium,1,20,100,West,0
618,14,651.92,22.72,102.6,3,1.5,3,Monthly,Standard,0,0,25,South,1
619,66,1026.94,10.19,28.3,1,1.2,4,Monthly,Basic,1,5,50,South,0
620,51,913.5,23.2,97.8,1,2.5,3,Monthly,Basic,1,10,25,West,0
621,38,449.4,11.89,113.6,2,5.9,0,Annual,Standard,0,5,25,North,0
622,64,738.37,27.98,84.0,0,0.2,2,Monthly,Basic,1,5,200,West,0
623,38,300.0,18.59,78.6,0,0.2,2,2-Year,Standard,1,0,100,North,0
624,50,973.32,9.48,143.3,1,5.7,1,Monthly,Standard,0,0,50,North,0
625,30,970.82,2.85,98.2,0,0.7,1,Monthly,Basic,0,0,100,East,0
626,51,701.68,19.85,113.6,1,3.3,1,Annual,Standard,1,20,100,South,0
627,63,1035.03,12.75,123.2,0,2.3,4,Monthly,Standard,1,0,100,West,0
628,52,579.38,14.07,70.0,1,5.4,1,Annual,Premium,1,15,25,South,0
629,38,658.37,19.6,105.8,1,0.4,2,Monthly,Basic,0,10,25,East,0
630,30,1004.3,21.06,139.6,2,0.4,0,Monthly,Standard,1,0,100,North,0
631,51,727.83,22.34,154.6,0,2.4,1,Monthly,Basic,1,5,50,West,0
632,5,884.34,7.95,101.2,0,8.8,4,2-Year,Standard,1,15,200,South,0
633,29,759.09,23.56,92.9,2,1.6,0,Annual,Premium,1,15,100,East,0
634,4,797.27,11.53,108.1,1,1.2,2,Annual,Basic,0,0,200,North,1
635,10,808.19,1.46,107.3,2,2.8,0,Monthly,Premium,1,0,25,North,0
636,56,723.31,7.93,141.6,1,8.0,3,Annual,Standard,0,0,200,South,0
637,17,975.61,16.31,70.1,1,5.4,2,Monthly,Premium,0,0,50,North,0
638,17,743.02,9.13,91.6,1,16.2,2,2-Year,Standard,1,5,200,East,1
639,69,903.92,14.47,66.5,2,0.1,2,Annual,Basic,1,15,25,North,0
640,34,717.82,17.03,69.6,1,0.4,1,Annual,Basic,1,0,50,West,0
641,6,516.43,13.91,111.3,0,2.8,2,Monthly,Basic,1,10,100,West,0
642,53,1128.11,12.03,124.3,0,5.2,2,Annual,Basic,0,10,50,South,0
643,66,1024.88,7.5,80.5,1,1.0,3,Monthly,Standard,0,0,50,East,0
644,43,1472.17,15.13,123.2,0,0.8,3,2-Year,Standard,0,0,200,North,0
645,23,639.01,2.61,133.3,4,4.6,1,Monthly,Premium,1,10,50,North,0
646,55,847.76,10.88,158.0,0,0.2,3,Monthly,Standard,1,15,100,North,0
647,16,867.87,9.43,102.1,3,1.4,3,Monthly,Standard,0,10,25,West,0
648,8,1147.34,13.56,80.8,1,2.1,4,Monthly,Premium,1,0,100,East,0
649,4,773.22,13.72,69.9,0,2.5,0,Monthly,Premium,0,0,100,North,0
650,4,607.24,20.76,66.9,0,3.9,1,2-Year,Basic,1,0,50,South,0
651,56,1201.95,24.5,137.5,4,1.3,0,Annual,Standard,1,5,25,East,0
652,25,820.84,8.29,54.5,0,2.8,1,2-Year,Basic,0,10,50,East,0
653,67,1119.66,26.96,136.5,0,2.6,0,2-Year,Basic,1,0,25,North,0
654,67,1090.55,10.32,73.9,1,2.4,2,Monthly,Basic,1,15,25,West,0
655,27,892.53,16.04,79.4,1,3.1,5,Annual,Premium,1,5,100,East,0
656,32,856.42,18.07,95.5,0,0.9,0,Monthly,Standard,1,10,25,South,0
657,50,802.11,29.67,78.9,0,0.3,6,2-Year,Standard,0,20,25,East,0
658,61,896.2,11.75,128.0,2,0.4,0,Monthly,Premium,1,0,100,West,0
659,51,1115.78,4.22,154.4,2,0.8,4,Monthly,Basic,1,20,25,South,0
660,19,700.89,23.94,80.3,0,2.1,2,Monthly,Standard,0,0,50,West,0
661,21,927.21,10.0,87.0,2,5.5,3,Monthly,Standard,0,0,25,North,1
662,5,620.34,12.83,95.1,1,3.6,1,Monthly,Basic,1,15,50,East,1
663,42,651.47,8.29,116.2,3,4.7,4,Monthly,Standard,0,20,100,South,0
664,61,892.27,12.85,95.4,0,1.3,2,Annual,Basic,1,5,100,West,0
665,22,409.96,9.96,141.6,0,1.6,1,2-Year,Premium,1,5,25,North,0
666,21,1415.14,19.06,134.4,0,1.5,0,Monthly,Basic,1,10,25,South,0
667,70,601.74,15.48,64.4,0,0.6,3,Monthly,Basic,1,15,25,East,0
668,1,889.98,10.91,115.6,2,0.2,4,2-Year,Standard,0,0,50,East,1
669,5,1192.05,20.98,145.6,1,2.7,2,Monthly,Basic,0,15,200,West,0
670,12,684.27,16.53,85.2,0,13.6,4,2-Year,Basic,1,5,25,South,0
671,46,324.33,3.92,91.2,0,0.5,3,Monthly,Standard,1,5,25,North,0
672,34,788.76,20.52,84.2,1,0.1,2,Annual,Basic,1,5,25,North,0
673,49,681.29,16.11,84.8,1,4.5,5,Annual,Standard,1,5,100,North,0
674,45,330.91,23.34,49.9,1,0.9,1,Annual,Standard,0,20,100,West,0
675,27,971.22,15.74,60.2,0,5.3,2,2-Year,Standard,0,5,100,North,0
676,26,951.77,10.25,102.3,0,3.7,2,Monthly,Standard,1,20,200,South,0
677,47,1185.58,13.77,145.4,1,8.7,1,Monthly,Basic,1,0,50,West,0
678,56,619.79,19.82,81.6,2,1.6,0,Annual,Basic,0,10,25,East,0
679,63,500.22,10.38,80.7,1,3.3,3,2-Year,Standard,0,15,25,West,0
680,48,798.32,12.36,151.0,0,1.9,3,Monthly,Premium,0,10,100,West,0
681,61,877.91,13.67,66.8,1,3.0,3,2-Year,Basic,0,10,100,West,0
682,26,1130.34,8.1,50.2,0,1.8,2,Monthly,Standard,1,5,50,South,0
683,36,1252.64,10.46,75.1,0,0.6,3,Monthly,Standard,1,15,100,East,0
684,1,1203.62,16.04,80.1,1,2.1,3,Annual,Standard,1,15,100,East,0
685,8,969.14,22.21,47.6,2,2.3,0,Monthly,Standard,1,0,200,West,0
686,52,1099.87,16.9,96.2,0,5.0,1,Annual,Basic,1,15,50,West,0
687,47,739.88,14.72,128.5,0,4.0,4,Monthly,Standard,1,5,100,West,0
688,56,942.1,10.01,61.4,4,3.3,1,Monthly,Basic,0,0,25,South,1
689,14,602.18,21.57,102.6,0,0.4,2,Annual,Standard,1,15,100,South,0
690,28,915.67,17.6,111.9,0,3.8,3,Annual,Premium,0,5,200,North,1
691,2,922.16,10.76,97.5,1,2.1,1,Monthly,Standard,0,15,50,East,0
692,26,1330.53,20.39,105.6,0,6.7,1,Monthly,Basic,0,0,100,North,0
693,14,842.75,18.36,105.9,1,7.6,4,Monthly,Premium,1,0,100,North,0
694,59,922.51,10.12,75.6,2,0.2,5,Monthly,Premium,0,5,25,West,0
695,56,959.24,14.39,145.0,1,5.2,1,2-Year,Standard,0,0,50,South,0
696,7,786.29,12.04,137.4,1,0.1,1,2-Year,Standard,1,10,25,North,0
697,3,699.38,30.8,135.7,0,1.4,5,Monthly,Basic,1,0,200,North,0
698,23,1224.7,18.19,130.4,1,2.3,0,Monthly,Premium,1,5,100,North,1
699,18,654.77,16.12,52.8,1,0.5,2,2-Year,Standard,1,0,25,West,0
700,38,568.02,17.84,127.8,2,4.1,1,Annual,Premium,0,0,25,West,0
701,15,1070.07,23.27,119.7,1,0.0,2,Annual,Basic,0,10,50,South,0
702,64,1189.45,14.5,53.9,0,0.6,2,Annual,Basic,1,0,50,North,0
703,28,787.15,11.46,93.6,2,2.6,1,Monthly,Premium,1,10,25,North,0
704,39,790.99,20.07,108.3,1,3.8,3,Monthly,Standard,1,20,50,South,0
705,57,970.64,13.95,149.9,1,7.5,3,2-Year,Basic,1,10,50,South,0
706,17,723.04,8.58,121.7,2,3.7,3,Annual,Basic,1,15,25,South,0
707,44,704.57,7.41,74.1,2,3.3,1,Monthly,Standard,1,0,100,East,0
708,25,1119.9,24.18,150.9,0,1.5,0,Monthly,Basic,0,0,200,South,0
709,17,1051.78,15.79,101.3,2,0.0,2,Monthly,Standard,0,15,100,West,0
710,13,1227.79,11.46,92.3,4,0.4,1,Annual,Standard,1,10,100,East,1
711,25,586.85,13.59,90.2,3,2.3,4,Monthly,Standard,0,10,25,South,1
712,68,774.38,19.84,51.3,0,3.4,4,Monthly,Basic,0,10,25,West,0
713,10,970.29,13.24,96.7,2,1.6,1,2-Year,Premium,0,5,25,South,0
714,67,668.59,6.3,114.9,1,3.9,0,Monthly,Basic,0,0,100,South,0
715,18,1060.42,16.96,88.4,1,2.2,2,Monthly,Standard,0,10,200,East,0
716,34,1206.16,22.25,112.6,1,0.2,2,Monthly,Basic,0,10,100,West,0
717,8,754.16,21.85,74.1,3,0.6,4,Monthly,Standard,1,5,200,North,1
718,40,909.65,11.64,95.8,0,5.5,1,Monthly,Premium,1,15,100,South,0
719,42,1263.9,22.62,109.5,1,3.9,1,2-Year,Premium,1,0,50,East,0
720,41,1349.82,16.28,105.7,4,6.8,2,2-Year,Standard,1,0,50,West,0
721,6,1086.45,22.45,51.8,1,0.4,6,Monthly,Standard,0,15,25,South,0
722,52,1048.36,18.44,86.8,2,13.9,1,Monthly,Premium,0,10,25,North,0
723,26,686.57,5.87,150.3,2,0.7,0,Annual,Premium,0,5,100,West,0
724,64,989.8,25.48,85.2,0,0.0,1,Monthly,Premium,1,0,50,West,0
725,59,1039.21,15.31,100.5,2,17.9,1,Monthly,Basic,1,0,50,East,0
726,56,847.41,18.46,97.4,3,1.0,0,2-Year,Premium,0,10,50,South,0
727,59,751.31,6.94,147.0,0,3.3,1,Monthly,Basic,0,0,25,South,0
728,70,579.68,18.03,138.7,2,0.6,1,Monthly,Basic,1,15,50,West,0
729,33,465.57,21.62,124.2,2,2.6,4,Monthly,Basic,1,20,50,South,0
730,53,413.03,26.61,70.8,2,7.0,6,Monthly,Basic,1,15,50,West,0
731,22,1044.86,23.4,110.8,2,1.2,1,Monthly,Standard,0,0,100,North,0
732,21,936.92,18.33,117.0,0,3.3,1,Monthly,Premium,0,10,50,East,0
733,70,779.05,5.73,79.0,1,0.6,1,Monthly,Standard,1,0,100,South,0
734,70,817.14,15.79,73.9,2,2.9,2,Annual,Standard,1,0,200,South,0
735,4,952.62,11.44,151.2,1,1.2,0,Monthly,Standard,1,0,200,East,0
736,62,858.86,16.41,91.0,1,0.7,5,Monthly,Standard,1,0,200,North,0
737,62,564.86,7.7,148.4,1,1.1,2,Annual,Basic,1,20,25,North,0
738,24,1128.25,13.74,129.9,1,0.6,2,2-Year,Premium,1,0,25,North,0
739,55,976.03,11.9,112.2,2,7.0,1,Monthly,Standard,0,0,25,North,0
740,9,966.47,11.71,113.6,0,1.5,1,Monthly,Standard,0,20,25,North,0
741,3,1109.39,11.77,58.0,3,0.8,1,Monthly,Standard,1,0,200,West,0
742,31,696.59,14.18,106.2,0,1.8,6,Annual,Premium,0,10,100,South,0
743,40,1203.43,16.72,142.5,2,1.2,2,Monthly,Basic,1,0,25,South,0
744,36,864.99,1.0,120.4,1,4.1,1,Monthly,Basic,1,0,25,South,0
745,24,1122.15,1.0,104.6,0,10.6,0,Monthly,Standard,1,20,25,West,0
746,6,1083.61,12.97,151.4,2,1.7,4,Monthly,Standard,1,0,100,East,1
747,66,640.3,13.81,94.4,0,5.9,0,Monthly,Premium,1,5,100,North,0
748,4,1025.73,16.13,81.4,0,2.5,4,Monthly,Basic,1,0,200,East,1
749,6,981.57,10.63,104.6,2,0.5,1,2-Year,Basic,1,0,200,North,0
750,51,907.58,15.06,123.0,0,3.5,3,Annual,Premium,1,0,25,North,0
751,62,876.41,15.76,48.5,1,2.2,2,Monthly,Standard,1,0,50,East,0
752,57,878.53,10.59,108.5,0,3.2,2,Monthly,Standard,0,0,25,South,0
753,66,1103.17,21.08,124.3,1,6.6,3,Monthly,Basic,1,10,50,West,0
754,8,1044.48,16.06,91.9,0,1.7,1,Monthly,Basic,1,5,200,East,1
755,26,907.62,18.28,133.2,3,6.9,1,2-Year,Standard,1,0,50,South,0
756,51,527.02,15.41,119.2,0,4.2,1,2-Year,Basic,0,5,100,North,0
757,45,1023.61,27.62,164.2,0,2.0,2,Monthly,Premium,1,20,50,South,0
758,44,1080.9,18.58,77.5,3,2.8,1,Monthly,Standard,1,20,25,North,0
759,5,1475.1,12.07,124.9,1,1.2,1,Monthly,Basic,1,10,25,North,0
760,70,1168.86,19.93,69.5,3,12.3,1,Annual,Standard,1,15,50,South,0
761,26,425.21,5.17,51.5,2,3.3,3,Annual,Standard,1,0,100,North,0
762,68,919.61,15.72,38.9,0,0.1,6,2-Year,Basic,0,0,25,West,0
763,19,1352.84,16.91,116.1,1,1.2,2,Annual,Basic,1,10,100,South,0
764,20,1055.89,15.79,105.5,1,2.9,0,Monthly,Standard,0,10,100,East,1
765,12,982.16,13.0,85.6,1,0.2,0,Annual,Standard,1,5,50,North,0
766,47,1125.06,8.93,46.8,0,0.1,3,Annual,Standard,1,5,100,North,0
767,1,744.41,10.26,79.3,2,1.8,3,Annual,Standard,1,20,50,West,0
768,14,1019.52,15.61,100.1,2,1.2,4,Monthly,Standard,1,15,100,West,0
769,64,837.38,8.32,123.8,0,1.7,2,Annual,Standard,1,5,100,East,0
770,38,895.09,25.62,99.5,0,0.9,0,Annual,Standard,0,10,200,North,0
771,37,1107.11,1.0,107.6,5,0.5,2,Annual,Standard,0,0,50,East,0
772,11,668.32,13.06,88.7,0,3.5,3,Annual,Basic,1,0,50,East,0
773,3,1222.0,15.66,152.5,0,2.2,2,Annual,Premium,1,0,25,North,0
774,33,794.3,18.04,69.5,1,0.7,1,Annual,Standard,1,5,25,East,0
775,6,965.17,9.5,79.0,2,1.2,2,Annual,Premium,0,0,100,East,0
776,50,549.87,21.81,85.2,1,2.7,2,Annual,Standard,0,15,200,West,0
777,10,1079.96,6.64,116.3,2,0.2,1,Monthly,Basic,0,0,50,West,1
778,5,1261.63,11.6,68.8,1,0.5,1,Monthly,Standard,0,5,25,East,1
779,23,771.34,18.72,104.1,1,0.2,4,Monthly,Basic,1,0,25,North,0
780,10,622.44,21.24,104.9,2,5.0,2,Annual,Standard,0,0,50,West,0
781,44,969.5,6.58,79.2,1,4.2,4,Annual,Standard,1,15,25,East,0
782,2,1263.7,30.87,109.9,1,4.2,1,2-Year,Premium,0,10,25,South,0
783,13,537.54,9.62,69.8,1,3.8,1,Monthly,Standard,0,20,100,South,0
784,40,623.42,7.13,66.5,1,3.3,3,Monthly,Standard,1,20,25,East,0
785,2,786.45,18.02,103.0,1,1.9,2,Monthly,Basic,0,0,50,South,0
786,65,694.91,12.91,50.2,2,3.1,1,Monthly,Premium,0,0,100,West,0
787,63,695.7,12.02,35.7,0,0.1,1,Annual,Premium,0,15,25,North,0
788,17,376.47,18.57,116.0,1,2.9,1,Monthly,Standard,0,20,100,East,0
789,9,1047.26,5.84,131.5,4,4.5,1,Annual,Basic,1,10,100,West,1
790,15,984.68,4.79,86.0,0,2.1,0,Annual,Standard,0,10,100,North,0
791,24,475.29,11.42,80.0,0,1.3,3,Monthly,Basic,1,10,50,South,0
792,38,1264.3,21.47,130.2,1,1.0,4,2-Year,Standard,1,0,50,South,0
793,35,1320.27,11.68,65.6,2,3.1,1,Monthly,Basic,1,5,100,South,1
794,49,712.27,24.59,59.1,4,3.5,3,Monthly,Standard,0,15,100,South,0
795,69,1191.64,22.21,121.2,2,6.1,0,2-Year,Standard,1,10,50,West,0
796,62,756.75,16.7,100.3,0,1.3,3,2-Year,Basic,0,0,25,West,0
797,60,945.28,17.04,131.9,0,4.4,1,Monthly,Standard,1,0,25,North,0
798,50,691.06,16.69,35.8,1,2.5,2,Monthly,Premium,1,0,25,East,0
799,9,1453.56,15.96,58.0,0,6.4,3,Monthly,Basic,0,0,50,North,0
800,34,826.0,12.8,100.4,1,2.3,2,Monthly,Standard,1,20,25,East,0
801,35,931.61,13.5,112.5,3,2.2,1,2-Year,Basic,1,0,50,South,0
802,1,728.02,8.58,125.4,0,2.6,1,Annual,Basic,1,0,100,South,0
803,40,1365.33,1.74,105.2,3,4.2,2,Monthly,Basic,0,0,25,South,0
804,64,1371.65,21.62,104.9,1,10.0,1,2-Year,Standard,1,10,100,South,0
805,22,1307.73,15.94,88.3,0,0.2,2,Monthly,Standard,1,5,100,West,0
806,60,1139.11,15.04,147.7,1,0.2,2,Monthly,Premium,0,0,25,North,0
807,64,743.8,17.39,66.9,0,8.3,3,2-Year,Standard,1,0,100,East,0
808,11,1106.96,10.03,110.8,1,2.3,5,2-Year,Basic,0,0,100,East,0
809,14,898.24,8.99,70.4,2,2.9,2,2-Year,Standard,0,5,50,West,0
810,60,1228.1,13.3,116.0,1,2.0,2,Annual,Basic,1,0,25,South,0
811,30,1178.98,23.21,68.9,1,0.3,1,Annual,Standard,1,20,50,North,0
812,35,737.68,7.99,122.3,4,4.4,4,Monthly,Basic,1,5,200,South,0
813,37,1136.96,1.0,103.4,4,4.1,2,Annual,Basic,1,0,100,West,0
814,5,1070.51,11.87,152.3,1,1.1,2,2-Year,Standard,0,10,25,East,0
815,26,300.0,21.86,91.6,1,1.1,0,Monthly,Premium,0,0,100,West,0
816,62,1100.23,4.6,112.7,1,5.5,1,Annual,Basic,1,10,50,East,0
817,4,792.05,7.92,76.6,0,0.2,1,Monthly,Premium,0,0,50,North,0
818,42,678.49,16.58,91.4,2,6.4,1,Monthly,Basic,1,5,100,East,0
819,18,689.18,30.42,103.2,2,0.9,2,Annual,Premium,1,10,50,North,0
820,40,866.19,6.85,54.2,0,2.7,3,Monthly,Standard,0,20,100,South,0
821,39,1020.01,6.62,57.5,1,8.2,3,Annual,Basic,0,0,100,South,0
822,14,558.63,17.03,118.0,1,3.4,4,Monthly,Basic,1,0,100,West,0
823,32,947.46,22.23,95.6,1,1.6,3,2-Year,Basic,1,5,25,North,0
824,51,1044.19,11.26,82.2,0,3.5,1,Monthly,Basic,1,20,100,South,0
825,38,1365.45,5.27,77.9,1,1.3,3,Monthly,Basic,1,20,200,North,0
826,23,630.83,17.6,79.0,0,1.0,1,Monthly,Standard,1,0,25,South,0
827,63,812.6,18.69,103.4,1,17.1,2,2-Year,Premium,0,0,50,South,0
828,15,965.42,25.67,113.4,0,4.2,0,Annual,Basic,0,5,25,East,0
829,25,1186.85,18.94,37.2,5,3.1,1,Annual,Standard,1,0,100,West,1
830,17,823.94,19.97,142.4,3,1.3,1,Monthly,Standard,0,0,100,East,1
831,66,1199.66,13.43,140.3,0,0.2,4,Monthly,Premium,0,0,25,North,0
832,53,415.66,29.65,30.1,3,0.1,1,Monthly,Standard,1,10,200,South,0
833,51,586.66,12.61,132.6,0,2.4,2,Annual,Standard,1,20,25,West,0
834,39,987.16,11.33,131.7,0,4.3,2,Monthly,Standard,0,20,100,South,0
835,51,547.29,25.86,100.0,1,2.3,1,2-Year,Basic,1,0,50,South,0
836,70,606.38,6.15,61.1,0,5.5,3,Annual,Basic,1,5,50,East,0
837,6,768.06,3.92,130.5,1,0.1,4,Monthly,Standard,0,15,25,North,0
838,67,1092.86,15.72,92.8,2,1.4,0,Monthly,Basic,1,0,25,West,0
839,7,426.01,14.99,116.5,3,0.8,2,Annual,Standard,0,10,100,West,0
840,51,942.57,13.63,166.6,0,1.8,2,Monthly,Basic,1,5,50,West,0
841,42,1158.24,20.96,107.6,0,0.2,5,Monthly,Standard,0,0,25,North,0
842,64,851.26,9.55,72.5,2,9.2,2,Monthly,Basic,1,5,25,West,0
843,15,807.79,15.39,89.9,1,0.8,2,Annual,Premium,0,0,25,North,0
844,29,1000.44,12.84,76.3,2,7.7,4,Annual,Premium,1,10,100,West,0
845,33,851.97,9.65,113.0,1,1.7,1,Monthly,Basic,0,0,100,South,0
846,27,1247.62,14.63,75.8,1,12.7,4,Monthly,Basic,1,0,25,North,0
847,36,622.15,20.12,85.8,0,2.4,3,Monthly,Standard,1,0,50,East,0
848,29,887.09,27.72,61.5,1,8.0,6,Annual,Basic,0,15,25,West,0
849,38,951.42,18.48,96.0,2,0.0,0,Monthly,Basic,1,5,200,East,0
850,57,805.39,1.0,105.3,2,4.1,3,Monthly,Basic,0,5,200,North,0
851,27,300.0,14.77,20.0,0,7.0,1,2-Year,Premium,1,5,100,South,0
852,55,859.77,15.3,107.8,2,0.5,1,2-Year,Premium,0,5,200,East,0
853,33,1125.04,20.62,98.6,1,0.3,2,2-Year,Standard,1,0,100,East,0
854,68,1094.53,16.11,77.1,1,1.7,2,2-Year,Standard,1,10,100,South,0
855,66,988.69,22.52,160.9,1,8.1,1,Monthly,Premium,0,0,50,South,0
856,10,625.53,17.35,128.8,1,2.3,2,Monthly,Premium,0,0,50,North,0
857,5,998.83,24.35,67.1,1,2.2,3,Monthly,Premium,1,10,25,West,0
858,38,756.64,12.37,125.1,0,0.5,2,Monthly,Basic,1,0,50,East,0
859,13,988.37,15.87,137.3,0,0.0,2,2-Year,Basic,1,0,100,East,0
860,31,930.38,19.96,104.0,1,5.0,4,Annual,Standard,0,5,25,North,0
861,47,655.91,11.57,110.8,2,0.3,1,Annual,Standard,1,5,25,West,0
862,52,676.89,10.26,110.2,1,3.0,0,Monthly,Basic,0,10,50,North,0
863,56,988.76,11.22,37.4,3,7.4,3,2-Year,Basic,0,10,25,East,0
864,15,844.72,10.5,94.4,1,0.7,2,2-Year,Premium,1,10,50,East,0
865,29,689.93,18.14,92.8,1,3.3,5,Monthly,Premium,0,10,200,South,0
866,8,669.29,3.99,142.9,0,0.2,3,2-Year,Basic,1,0,100,South,0
867,5,824.04,5.66,110.0,2,2.8,7,Monthly,Premium,1,0,100,West,0
868,29,1292.03,26.18,91.1,2,0.5,1,Monthly,Standard,1,5,50,East,0
869,47,768.48,10.65,97.3,0,4.0,4,Annual,Premium,1,0,50,East,0
870,68,896.5,16.2,130.7,0,1.1,1,Annual,Standard,1,20,25,South,0
871,45,925.41,6.07,94.5,0,1.9,2,Monthly,Basic,1,15,200,North,0
872,2,617.24,15.56,79.1,2,2.7,4,Monthly,Standard,1,0,25,North,0
873,27,459.29,10.69,91.7,1,0.6,2,2-Year,Standard,1,0,25,East,0
874,36,643.34,5.62,128.2,2,4.1,0,Annual,Standard,0,0,100,East,0
875,36,961.77,23.02,114.9,0,1.1,2,Annual,Basic,0,0,25,West,0
876,26,921.83,22.1,101.3,2,3.3,2,Monthly,Premium,0,0,50,West,0
877,43,1075.6,14.36,105.7,2,0.5,0,Monthly,Basic,1,5,25,South,0
878,27,924.19,21.0,83.2,0,3.5,1,Monthly,Basic,1,15,25,East,0
879,69,872.61,26.42,94.2,0,0.4,3,Monthly,Standard,0,10,25,North,0
880,20,749.0,19.52,80.1,1,1.7,0,Monthly,Standard,0,0,25,West,0
881,11,1121.15,17.88,91.2,1,0.9,1,Monthly,Standard,1,0,100,South,0
882,38,670.2,16.19,140.4,1,4.1,1,Annual,Standard,1,5,100,South,0
883,6,622.4,18.9,67.7,1,0.9,2,Monthly,Standard,1,15,50,North,0
884,23,1041.76,12.82,79.3,2,6.4,0,2-Year,Standard,0,15,200,West,0
885,47,566.71,13.34,62.4,3,6.7,0,Monthly,Standard,0,20,25,North,0
886,46,1503.7,17.71,55.9,1,0.7,0,Monthly,Basic,0,5,50,South,0
887,12,920.0,12.16,94.4,2,2.9,3,Monthly,Standard,0,10,25,East,0
888,13,986.98,12.81,81.5,2,0.3,3,Monthly,Premium,0,0,100,North,0
889,62,697.9,15.0,152.9,0,1.5,0,Monthly,Basic,1,5,50,South,0
890,60,821.18,21.9,91.5,2,3.7,2,2-Year,Standard,0,0,100,East,0
891,43,793.31,8.2,138.7,2,3.2,3,Annual,Premium,0,5,100,East,0
892,68,764.54,19.56,129.0,3,2.9,5,Monthly,Basic,0,10,50,West,0
893,5,1058.24,19.75,93.7,1,1.0,3,Monthly,Standard,1,0,100,West,0
894,37,787.61,19.71,163.3,1,1.4,1,Annual,Premium,1,0,200,South,0
895,31,1154.38,10.16,108.1,0,0.3,3,Annual,Basic,1,0,25,North,0
896,9,1565.8,4.84,145.4,0,3.8,2,Monthly,Basic,0,0,50,East,0
897,51,826.11,18.36,141.9,1,2.1,0,Annual,Premium,0,0,100,West,0
898,29,938.08,16.13,112.4,1,3.7,2,2-Year,Premium,0,0,100,West,0
899,40,994.87,21.03,122.5,0,0.9,4,Annual,Standard,0,0,25,North,0
900,41,1352.88,10.8,118.7,1,1.2,3,2-Year,Standard,1,0,50,West,0
901,11,879.34,19.56,65.7,1,1.2,2,2-Year,Premium,1,20,50,South,0
902,23,692.75,21.33,101.7,2,0.1,3,2-Year,Standard,1,0,50,North,0
903,1,583.41,14.43,132.2,1,1.3,3,Monthly,Basic,1,0,25,East,0
904,46,885.5,17.5,145.8,0,4.9,1,Annual,Basic,1,5,200,South,0
905,21,787.9,17.29,78.4,1,6.8,1,Annual,Standard,0,15,100,East,0
906,36,1402.5,10.07,115.9,0,2.2,5,Annual,Premium,1,10,50,East,0
907,54,1342.47,18.19,104.5,0,1.8,2,2-Year,Premium,0,0,100,West,0
908,57,641.41,24.73,96.5,0,0.1,4,Monthly,Premium,1,5,200,South,0
909,1,722.31,15.13,110.7,2,6.3,4,Monthly,Premium,0,10,25,South,0
910,63,918.44,6.23,106.5,1,0.0,2,Monthly,Standard,0,10,25,North,0
911,54,1249.31,10.88,116.2,1,8.7,2,Monthly,Standard,1,10,50,South,0
912,55,914.25,4.32,143.3,1,2.0,3,Monthly,Standard,1,15,100,North,0
913,40,738.19,22.74,123.5,1,1.3,4,Annual,Standard,0,15,25,South,0
914,15,885.28,19.58,109.3,1,7.7,1,Monthly,Standard,0,5,200,East,1
915,21,742.88,11.99,155.9,1,0.1,2,Annual,Basic,0,5,50,North,0
916,47,1050.62,6.49,133.3,1,2.6,1,Annual,Premium,1,10,50,South,0
917,53,722.74,10.0,97.2,3,2.4,6,Monthly,Standard,1,15,25,North,1
918,9,772.39,11.17,63.5,1,0.7,2,Monthly,Basic,1,0,25,West,0
919,52,1190.48,15.66,70.4,1,1.7,2,Annual,Standard,0,20,100,West,0
920,57,707.91,15.45,128.0,2,3.2,1,Annual,Standard,1,0,200,North,0
921,26,538.47,23.05,81.1,1,3.9,4,2-Year,Basic,0,5,50,North,0
922,41,923.75,10.84,69.8,3,0.0,2,2-Year,Premium,0,15,200,East,0
923,35,809.88,5.95,77.3,1,8.3,3,2-Year,Basic,0,0,100,South,0
924,63,1027.85,8.06,79.4,0,0.5,1,Annual,Basic,1,5,50,West,0
925,25,979.37,14.86,125.5,3,0.8,4,2-Year,Standard,0,0,100,West,0
926,38,892.02,10.63,95.3,0,0.9,4,2-Year,Standard,0,0,50,South,0
927,2,884.74,13.25,58.8,1,0.1,0,2-Year,Premium,1,0,50,West,0
928,7,716.04,12.28,100.9,0,0.4,8,Monthly,Premium,0,0,25,West,0
929,34,920.84,20.94,106.7,1,12.9,3,2-Year,Premium,1,0,100,North,0
930,17,1120.32,11.48,85.6,2,1.1,2,Monthly,Basic,1,20,25,West,1
931,43,656.64,12.74,134.7,0,0.4,3,Annual,Basic,1,20,100,West,0
932,59,898.65,19.3,87.4,1,0.3,0,Monthly,Standard,0,0,100,West,0
933,51,1159.6,11.61,133.3,3,3.8,2,Monthly,Basic,0,10,25,South,0
934,54,1026.36,17.54,117.9,2,5.8,2,Monthly,Premium,1,0,50,East,0
935,24,1227.37,16.99,127.8,2,0.9,1,Monthly,Standard,1,0,50,North,0
936,25,757.96,15.85,67.0,0,0.1,3,Monthly,Premium,0,0,50,East,0
937,71,442.31,8.19,102.9,1,0.8,2,2-Year,Basic,0,20,25,West,0
938,52,950.16,22.38,98.4,0,0.2,2,Monthly,Standard,0,20,50,West,0
939,70,990.64,28.32,57.3,2,0.3,2,Monthly,Standard,1,0,25,West,0
940,33,1242.11,15.05,133.2,2,1.7,3,Monthly,Basic,1,0,25,East,0
941,49,1197.04,8.72,75.5,2,0.8,3,Annual,Standard,0,0,25,South,0
942,29,1034.19,15.17,81.7,1,2.2,3,Monthly,Standard,1,5,25,South,0
943,63,1091.35,20.94,69.6,0,0.9,1,Monthly,Standard,1,5,100,North,0
944,22,852.04,11.31,121.0,0,8.5,2,Monthly,Basic,1,0,200,East,1
945,26,595.22,14.23,54.2,2,7.1,3,Annual,Basic,0,10,50,South,0
946,28,929.43,17.04,118.5,1,2.5,0,Monthly,Standard,0,0,50,North,0
947,49,1145.64,22.22,131.3,0,1.3,3,Monthly,Basic,0,20,25,West,0
948,71,1064.09,19.65,116.1,0,1.4,1,Monthly,Basic,1,10,50,West,0
949,49,1108.45,19.9,121.4,0,1.6,1,2-Year,Basic,1,5,25,North,0
950,20,793.06,12.44,122.8,0,3.9,0,Monthly,Basic,1,10,100,South,0
951,63,833.61,17.41,71.5,3,1.8,2,Annual,Basic,0,15,200,East,0
952,61,1020.86,10.67,143.0,1,5.8,3,Monthly,Basic,0,0,25,North,0
953,49,763.37,20.07,86.2,0,8.7,2,Monthly,Standard,0,0,100,South,0
954,71,771.07,21.91,98.0,2,1.2,4,Monthly,Standard,1,20,25,North,0
955,1,974.5,18.32,90.0,1,2.5,1,Monthly,Standard,0,0,50,South,0
956,13,1090.23,12.8,114.7,3,0.3,2,Monthly,Premium,0,0,25,West,1
957,51,850.12,13.78,83.9,1,0.7,1,Monthly,Standard,1,5,50,North,0
958,56,609.2,25.84,102.0,1,1.6,2,Monthly,Standard,0,15,25,East,0
959,62,716.05,12.9,62.9,5,0.7,4,Annual,Premium,1,10,50,North,0
960,32,950.92,21.3,134.9,1,6.3,0,2-Year,Standard,0,20,50,West,0
961,30,947.88,17.03,120.1,1,0.5,3,Monthly,Standard,1,5,50,West,0
962,29,960.31,13.0,91.2,1,1.8,1,Annual,Standard,1,0,100,South,0
963,49,1030.32,6.93,85.9,1,2.8,2,2-Year,Standard,1,5,200,West,0
964,45,901.45,16.27,119.3,0,3.5,1,2-Year,Standard,1,10,50,South,0
965,30,966.26,15.55,78.8,1,1.4,2,Monthly,Basic,1,0,25,West,0
966,16,888.74,25.84,103.8,0,6.1,3,Annual,Basic,1,0,25,South,0
967,40,1187.18,9.84,134.8,0,2.5,3,Monthly,Basic,1,0,200,East,0
968,19,1258.09,28.77,75.7,1,1.7,1,Annual,Basic,1,5,50,South,0
969,18,602.75,17.27,111.1,2,0.2,1,Monthly,Basic,0,15,50,South,1
970,1,836.19,17.27,109.5,1,1.9,3,Monthly,Standard,0,10,25,East,1
971,47,908.18,11.44,97.1,1,5.2,5,Monthly,Standard,0,20,50,South,0
972,66,833.27,16.89,84.9,0,2.9,1,Monthly,Standard,1,0,25,South,0
973,38,1348.23,17.84,136.4,2,5.4,3,Annual,Basic,1,20,200,East,0
974,51,955.99,20.62,82.1,0,2.0,1,Monthly,Premium,1,15,200,West,0
975,63,698.66,9.13,45.6,3,0.4,1,Annual,Standard,0,0,25,North,0
976,4,1049.11,23.44,119.2,3,0.0,2,Monthly,Basic,1,20,50,South,0
977,1,967.74,17.17,64.0,1,1.1,0,Monthly,Premium,0,0,25,West,0
978,8,976.05,18.65,120.8,0,3.6,2,Annual,Standard,1,15,50,North,0
979,29,1351.97,13.67,140.0,1,4.7,2,2-Year,Standard,0,15,200,East,0
980,55,987.7,9.43,118.9,1,1.1,1,Monthly,Basic,1,10,50,South,0
981,3,824.08,15.44,132.1,3,2.1,4,Monthly,Standard,0,5,50,South,1
982,32,411.18,16.12,160.6,1,1.6,5,2-Year,Premium,0,0,25,East,0
983,10,858.65,6.69,129.0,0,1.6,2,Monthly,Standard,1,5,100,South,0
984,34,1226.49,19.76,109.9,2,0.8,1,2-Year,Standard,1,0,100,North,0
985,55,877.21,20.98,149.0,0,0.4,2,Annual,Standard,0,10,50,North,0
986,32,339.99,10.62,152.6,0,0.7,3,Monthly,Premium,1,10,25,East,0
987,50,775.41,8.86,153.1,1,0.2,0,Monthly,Basic,0,20,50,South,0
988,7,1148.17,13.18,85.2,1,0.7,1,Monthly,Standard,1,0,200,West,0
989,8,1036.45,15.14,59.4,1,0.0,5,Monthly,Basic,1,15,50,South,0
990,65,690.03,13.41,83.4,0,3.0,3,2-Year,Standard,0,20,50,East,0
991,57,758.68,14.63,121.1,3,1.1,0,Annual,Standard,1,10,50,West,0
992,67,797.32,16.33,104.8,1,10.9,4,Annual,Basic,0,0,100,North,0
993,59,734.32,6.79,93.8,0,0.6,2,Annual,Standard,1,0,50,North,0
994,54,392.58,7.48,116.8,2,1.3,2,Monthly,Standard,1,0,25,West,0
995,67,1090.9,1.0,55.9,2,1.3,1,Annual,Basic,1,10,50,West,0
996,51,1214.26,20.66,104.2,1,0.0,4,Monthly,Standard,0,10,100,East,0
997,8,520.39,15.09,133.6,1,5.5,1,Annual,Basic,0,20,100,South,0
998,34,1210.96,21.29,116.5,2,0.1,1,Monthly,Standard,0,0,200,North,0
999,35,874.24,8.17,120.8,0,8.4,3,Annual,Basic,1,0,50,South,0
1000,32,1206.28,15.15,147.9,1,6.7,2,2-Year,Standard,1,10,25,North,0
